id,estado,antiguedad,vivienda,plazo,edad,estadocivil,registros,trabajo,gastos,ingresos,activos,deuda,cantidad,precio
864,malo,0,propietario,48,39,casado,no,freelance,60,200,5500,0,3075,4575
4064,malo,5,alquila,48,49,viudo,sí,freelance,45,NA,0,0,1000,2193
1766,bueno,15,propietario,60,41,casado,no,freelance,90,NA,9000,0,1500,1923
1240,bueno,20,propietario,60,49,casado,no,freelance,90,215,4500,0,1000,1228
604,malo,1,privado,24,50,casado,no,freelance,60,125,5000,3000,360,510
665,bueno,6,propietario,60,53,casado,no,freelance,45,50,16000,0,1000,1505
2678,bueno,3,padres,36,26,casado,no,freelance,35,61,18000,0,800,1000
1219,bueno,4,alquila,36,48,casado,no,freelance,94,340,1000,0,525,525
1792,bueno,6,propietario,6,50,casado,sí,freelance,75,100,30000,0,600,1282
3738,bueno,10,padres,24,33,soltero,no,freelance,35,200,70000,12000,1100,1457
2643,malo,7,padres,24,31,casado,no,freelance,35,67,0,0,200,2000
1623,bueno,19,propietario,36,43,casado,no,freelance,75,70,7000,0,1000,2335
3462,bueno,5,propietario,36,27,casado,no,freelance,45,NA,0,0,1000,1622
2541,malo,8,otra,60,41,casado,no,freelance,45,62,0,0,1800,2101
3141,bueno,2,propietario,36,23,soltero,no,freelance,45,135,10000,0,1250,1400
196,bueno,21,propietario,60,57,casado,no,freelance,60,95,8000,0,1000,1700
3253,malo,1,alquila,48,58,casado,no,freelance,108,180,12000,8000,1000,1668
1436,malo,0,propietario,48,26,casado,no,freelance,45,NA,16000,3648,400,1751
3086,bueno,2,privado,60,21,soltero,no,freelance,35,170,4000,0,1000,1522
4265,bueno,5,propietario,30,53,soltero,no,freelance,35,700,23000,0,1500,2150
1640,bueno,10,propietario,24,42,casado,no,freelance,75,70,4600,0,500,1104
3691,malo,1,propietario,36,45,casado,sí,freelance,75,NA,4000,0,800,800
3110,bueno,20,padres,36,38,casado,sí,freelance,60,NA,25000,0,1500,1650
608,malo,9,propietario,60,34,casado,sí,freelance,75,300,4000,300,1000,1392
2530,malo,20,propietario,48,47,casado,no,freelance,45,66,NA,0,1200,1668
2769,malo,5,alquila,36,28,casado,no,freelance,60,NA,0,0,900,1200
338,bueno,3,privado,48,38,casado,no,freelance,90,187,2500,750,1550,1600
480,bueno,7,alquila,60,38,casado,no,freelance,107,320,1500,0,1050,1092
2349,bueno,6,propietario,48,34,casado,no,freelance,90,NA,4500,0,1100,1192
1645,bueno,8,propietario,24,35,casado,sí,freelance,75,180,12000,0,1000,2256
2085,bueno,14,propietario,60,49,casado,no,freelance,60,103,36000,0,1300,1648
113,malo,20,propietario,60,51,casado,no,freelance,90,300,12500,2500,1340,1740
1725,bueno,2,alquila,24,26,soltero,no,freelance,55,200,0,0,600,1097
156,bueno,3,propietario,24,30,casado,no,freelance,75,133,12000,900,1500,5200
3319,bueno,20,propietario,60,37,NA,sí,freelance,35,70,10000,0,1300,1675
3595,bueno,4,privado,60,37,casado,no,freelance,75,120,10500,1500,1200,1341
3185,malo,0,propietario,42,41,casado,no,freelance,60,NA,4000,0,2000,2516
3008,bueno,20,propietario,36,49,casado,no,freelance,60,NA,44000,0,2220,2220
1154,bueno,11,propietario,12,51,casado,no,freelance,45,80,6000,0,1000,1931
1233,malo,25,propietario,60,61,casado,sí,freelance,45,100,39000,0,1060,1134
1018,bueno,8,padres,60,26,soltero,no,freelance,35,75,7000,0,850,989
2437,malo,0,alquila,48,54,casado,no,freelance,135,NA,0,0,2000,2476
1737,malo,12,alquila,60,37,casado,no,freelance,84,92,0,0,1300,1850
386,bueno,10,alquila,60,33,casado,no,freelance,75,300,2700,0,1000,1500
994,bueno,5,propietario,6,31,casado,no,freelance,60,150,5000,0,300,1200
99,bueno,30,propietario,36,51,casado,no,freelance,120,208,15000,0,1500,1713
935,malo,4,alquila,60,33,casado,no,freelance,82,69,0,0,2000,2216
1146,bueno,4,propietario,60,27,casado,no,freelance,60,225,14500,1200,700,2273
1428,bueno,1,propietario,60,44,casado,no,freelance,90,905,20000,15000,1200,1381
4203,bueno,2,padres,60,22,soltero,no,freelance,35,115,0,0,1250,1263
2505,bueno,2,otra,18,25,casado,sí,freelance,60,NA,0,0,850,1400
363,bueno,1,padres,60,21,soltero,no,freelance,35,100,0,0,900,1290
4356,bueno,8,propietario,24,40,casado,no,freelance,45,107,3500,0,400,475
1545,bueno,40,propietario,48,60,casado,no,freelance,75,183,5000,0,1200,1308
1682,bueno,25,alquila,24,45,separado,no,freelance,53,183,93000,0,1900,3088
2630,bueno,1,alquila,6,34,casado,no,freelance,99,535,0,0,500,1196
1535,malo,1,propietario,60,39,casado,no,freelance,60,NA,6000,3000,850,1104
989,malo,4,alquila,60,27,viudo,sí,freelance,35,NA,0,0,1700,1700
2703,bueno,3,propietario,36,37,casado,no,freelance,35,141,5000,400,1000,1912
1923,bueno,35,propietario,48,50,soltero,no,freelance,35,100,12000,0,800,1161
3830,bueno,6,propietario,48,51,casado,no,freelance,45,106,12000,0,1035,1410
979,bueno,8,propietario,60,28,casado,no,freelance,60,200,9000,0,750,850
1281,bueno,2,padres,24,21,soltero,no,freelance,35,NA,0,0,250,355
3593,bueno,1,propietario,48,35,casado,no,freelance,90,174,11900,0,900,1220
1125,malo,5,padres,36,26,soltero,no,freelance,35,NA,5000,3000,1200,2140
1806,bueno,1,alquila,18,33,casado,no,freelance,69,244,0,0,600,1150
447,bueno,0,padres,60,20,casado,no,freelance,45,100,0,0,1850,2150
2683,malo,0,alquila,6,37,separado,sí,freelance,35,NA,0,0,760,768
1723,bueno,20,propietario,12,49,casado,no,freelance,60,500,10000,0,1000,3081
266,bueno,20,propietario,36,45,casado,no,freelance,75,333,5000,0,1000,2200
2076,malo,8,alquila,24,30,casado,sí,freelance,60,NA,0,0,450,600
2884,bueno,3,otra,60,32,casado,no,freelance,35,NA,0,0,1000,1731
2633,bueno,13,otra,48,40,casado,sí,freelance,75,270,0,0,2300,2750
2202,bueno,8,alquila,48,26,casado,no,freelance,82,219,0,0,1400,1635
3529,bueno,3,propietario,60,36,casado,sí,freelance,35,60,2500,0,2300,2965
3308,bueno,3,propietario,36,28,casado,no,freelance,35,180,5000,0,375,1139
3143,bueno,5,padres,60,30,casado,no,freelance,45,189,0,0,2000,2312
3731,bueno,4,padres,60,25,casado,no,freelance,35,95,25000,0,1650,1900
3772,bueno,10,propietario,60,45,casado,no,freelance,45,325,12000,1200,1300,1833
1605,malo,0,padres,36,38,casado,sí,freelance,75,125,11000,0,2500,3350
1402,bueno,4,propietario,60,24,casado,no,freelance,60,250,9000,3400,1250,1300
3242,bueno,2,propietario,36,53,casado,no,freelance,35,71,5000,0,800,1615
2192,bueno,5,propietario,48,32,casado,no,freelance,75,110,9500,0,1195,1244
880,malo,0,alquila,60,32,casado,no,freelance,90,NA,0,0,1600,1692
1588,malo,11,propietario,36,37,casado,sí,freelance,60,205,13600,4500,450,625
3753,bueno,20,propietario,60,40,divorciado,no,freelance,60,150,5500,0,1400,1928
2390,malo,3,propietario,60,39,casado,no,freelance,75,491,90000,0,4000,6700
1129,bueno,14,propietario,60,56,casado,sí,freelance,75,150,NA,0,1000,1104
2064,malo,0,alquila,60,33,casado,no,freelance,85,100,0,0,1150,1760
2720,bueno,4,propietario,48,50,casado,no,freelance,75,NA,NA,0,900,1073
2956,bueno,20,propietario,36,63,casado,no,freelance,35,110,6000,0,1000,1675
1870,malo,30,propietario,36,50,casado,sí,freelance,60,NA,10000,0,1600,1800
347,malo,4,padres,48,40,casado,no,freelance,90,20,0,0,1850,2143
3030,bueno,2,otra,60,23,casado,no,freelance,35,140,0,0,1400,1581
2825,malo,4,propietario,60,35,casado,sí,freelance,45,NA,15000,3000,2000,2477
4094,bueno,3,propietario,60,43,casado,no,freelance,45,174,9000,1692,1900,2374
2115,malo,12,alquila,48,47,casado,no,freelance,75,300,0,0,2000,2196
2007,bueno,15,propietario,36,51,casado,sí,freelance,45,160,15000,0,2000,3318
576,bueno,2,propietario,24,26,casado,sí,freelance,45,167,4000,0,340,900
1592,bueno,8,propietario,48,26,casado,no,freelance,90,113,3000,750,1200,1450
3907,bueno,15,propietario,60,43,casado,no,freelance,60,310,7000,0,1200,1297
553,bueno,40,propietario,24,60,casado,no,freelance,75,186,8000,0,900,1307
1509,malo,20,propietario,60,54,casado,no,freelance,75,NA,10000,0,900,1056
149,bueno,10,padres,24,29,soltero,no,freelance,35,90,0,0,600,1528
4222,malo,1,alquila,48,30,soltero,no,freelance,35,NA,0,0,1300,1500
3069,bueno,40,propietario,36,59,casado,no,freelance,35,NA,17000,3000,500,1571
1412,bueno,8,propietario,36,40,casado,no,freelance,75,200,10000,0,700,800
2205,malo,5,propietario,60,28,casado,sí,freelance,75,NA,21500,0,2000,2700
438,bueno,6,propietario,48,27,casado,no,freelance,60,290,4300,900,1500,2127
108,malo,6,padres,60,28,casado,no,freelance,90,325,7000,0,1200,1211
179,bueno,20,propietario,60,53,casado,sí,freelance,75,350,6500,0,800,1138
3798,bueno,8,propietario,60,33,casado,no,freelance,45,250,10000,0,2500,3250
407,bueno,8,propietario,60,36,casado,no,freelance,75,148,2600,0,1400,1775
3433,malo,2,alquila,60,42,casado,no,freelance,45,NA,0,0,950,962
1984,bueno,17,propietario,48,48,casado,no,freelance,45,NA,11500,200,2000,2284
2083,malo,3,privado,30,22,soltero,no,freelance,60,NA,5000,0,1200,1426
593,bueno,12,padres,36,30,casado,no,freelance,75,110,0,0,800,875
67,bueno,10,propietario,18,34,casado,no,freelance,75,181,4000,0,600,1000
2461,malo,4,alquila,60,46,casado,no,freelance,70,100,0,0,2400,2500
1581,malo,2,alquila,60,21,casado,no,freelance,70,100,2000,0,1100,1260
3040,bueno,30,propietario,48,53,casado,no,freelance,45,NA,38000,0,1600,2120
2099,malo,4,otra,48,41,casado,sí,freelance,45,140,0,0,1000,1250
655,malo,5,alquila,60,43,soltero,no,freelance,39,42,0,0,1600,1872
3445,malo,7,propietario,60,38,casado,sí,freelance,60,40,6000,0,1500,1610
934,bueno,10,alquila,60,39,soltero,no,freelance,45,100,0,0,1450,1692
47,bueno,1,propietario,60,49,viudo,no,freelance,35,233,15900,4500,2100,2104
2627,bueno,10,propietario,36,49,casado,no,freelance,45,126,5000,0,800,1150
826,bueno,0,propietario,36,37,casado,no,freelance,75,150,7000,1500,500,720
4113,malo,16,alquila,24,40,casado,no,freelance,65,50,10000,5000,1400,1636
4060,bueno,25,propietario,12,49,casado,no,freelance,60,100,5500,0,1000,1998
3676,bueno,16,propietario,48,48,casado,no,freelance,35,364,5000,0,900,1077
2764,bueno,19,propietario,60,46,casado,no,freelance,60,190,7000,0,1500,2755
241,malo,13,alquila,24,49,casado,no,freelance,90,NA,0,0,700,800
2116,malo,14,propietario,60,53,casado,no,freelance,45,65,3500,0,1800,1979
2781,bueno,7,propietario,6,52,casado,sí,freelance,60,NA,9000,0,550,2136
992,bueno,4,propietario,36,42,casado,sí,freelance,75,400,12000,0,1500,1900
1863,bueno,4,propietario,60,28,casado,no,freelance,60,125,10000,3500,1200,2100
2920,bueno,11,alquila,60,50,casado,no,freelance,50,152,0,0,1400,1637
2922,malo,2,alquila,60,41,casado,no,freelance,44,90,0,0,1800,2213
808,bueno,20,alquila,36,39,casado,no,freelance,92,170,12000,0,950,980
2270,bueno,18,otra,48,50,casado,no,freelance,75,62,5000,0,1700,2437
1230,bueno,1,padres,48,29,soltero,no,freelance,45,478,9000,0,2100,2450
807,malo,2,privado,24,41,casado,sí,freelance,135,959,2000,500,1050,1474
2484,bueno,8,alquila,48,39,casado,no,freelance,66,60,0,0,700,1580
3156,bueno,2,alquila,48,31,casado,no,freelance,90,296,0,0,1450,2255
2625,bueno,7,propietario,24,41,casado,no,freelance,45,NA,6000,0,1200,2676
318,malo,1,alquila,60,38,casado,no,freelance,45,NA,0,0,1500,1850
1127,malo,0,alquila,48,27,casado,no,freelance,70,250,0,0,860,970
1559,malo,7,propietario,36,37,casado,sí,freelance,90,150,4500,3000,400,882
1692,bueno,10,propietario,48,50,casado,no,freelance,60,40,12000,0,1000,1303
2813,bueno,8,padres,36,26,casado,no,freelance,45,NA,4000,0,1000,1500
4207,bueno,2,alquila,36,31,casado,no,freelance,46,111,0,0,1000,1800
335,bueno,0,padres,60,25,soltero,no,freelance,35,NA,0,0,800,1380
1993,malo,1,propietario,36,35,casado,no,freelance,75,43,3000,280,800,950
1835,bueno,3,padres,60,23,soltero,no,freelance,35,110,8000,2000,1550,1750
762,malo,0,padres,48,25,soltero,no,freelance,45,145,7000,0,1700,2173
2014,bueno,5,propietario,48,40,casado,no,freelance,75,61,11000,770,1200,1483
117,malo,3,propietario,36,40,casado,sí,freelance,35,200,10000,0,800,800
1573,bueno,3,alquila,60,44,casado,no,freelance,74,140,2000,0,800,992
2999,bueno,8,privado,12,31,soltero,sí,freelance,35,NA,5000,0,1700,2963
1518,bueno,12,propietario,60,37,casado,no,freelance,60,85,6000,0,1200,1731
3184,bueno,0,propietario,36,42,casado,no,freelance,75,39,10000,0,800,1150
1953,bueno,30,alquila,6,49,casado,sí,freelance,81,208,2000,0,800,1804
1340,bueno,4,propietario,24,44,casado,no,freelance,75,86,5000,0,900,1100
391,bueno,19,propietario,12,34,casado,no,freelance,75,428,32000,0,500,1030
2951,malo,15,propietario,48,50,casado,sí,freelance,60,NA,NA,NA,4000,6146
356,malo,1,otra,60,42,casado,sí,freelance,45,NA,0,0,1600,1780
3269,bueno,30,propietario,60,59,casado,no,freelance,45,250,10000,0,1000,1098
3229,malo,20,propietario,24,59,soltero,no,freelance,35,NA,NA,0,900,1059
3009,bueno,5,padres,60,23,soltero,no,freelance,35,85,0,0,948,1148
3181,malo,10,privado,18,45,casado,sí,freelance,35,47,4000,350,375,475
1693,bueno,30,propietario,60,65,casado,no,freelance,45,250,80000,0,1700,2290
74,bueno,8,propietario,36,31,casado,sí,freelance,75,411,9000,4000,800,1593
3436,malo,18,alquila,48,53,separado,sí,freelance,51,164,0,0,1000,1295
3584,bueno,20,propietario,48,60,casado,no,freelance,35,142,12000,0,500,1154
2322,bueno,3,privado,36,26,casado,no,freelance,60,68,5000,90,900,1501
2331,malo,1,propietario,24,51,casado,sí,freelance,180,NA,65000,0,1500,1753
3451,malo,25,alquila,36,55,casado,no,freelance,35,NA,3000,0,500,600
557,malo,13,alquila,60,40,separado,no,freelance,64,35,2500,0,1920,1920
2137,bueno,9,padres,60,32,casado,no,freelance,75,160,2000,0,1200,1541
2614,bueno,6,propietario,48,35,casado,no,freelance,60,NA,3500,350,1300,1588
2888,malo,1,otra,36,37,casado,no,freelance,60,27,0,0,850,1000
1583,malo,10,padres,12,25,soltero,no,freelance,35,NA,0,0,675,1387
1929,bueno,2,propietario,36,40,casado,no,freelance,105,144,6000,0,2000,2532
610,bueno,25,propietario,18,49,casado,no,freelance,90,90,4000,0,300,1275
1166,malo,3,propietario,36,38,casado,no,freelance,90,300,3000,0,1200,1881
515,malo,1,alquila,36,28,soltero,no,freelance,52,170,0,0,350,1500
939,bueno,2,propietario,60,45,casado,no,freelance,75,75,2500,0,1100,1242
4055,bueno,8,propietario,60,56,casado,no,freelance,45,200,30000,0,1400,1500
932,bueno,5,alquila,60,28,casado,no,freelance,77,171,0,0,2500,3070
2861,bueno,20,alquila,48,44,viudo,sí,freelance,43,77,0,0,550,1499
3653,bueno,10,propietario,60,37,casado,sí,freelance,60,107,20000,600,1000,1175
3307,bueno,8,padres,60,31,soltero,no,freelance,35,107,0,0,1250,1499
2724,bueno,10,propietario,60,39,casado,no,freelance,45,95,3000,0,1000,1058
3208,bueno,4,otra,24,43,casado,no,freelance,45,125,0,0,400,1100
1392,malo,2,propietario,36,20,soltero,no,freelance,35,NA,80000,30000,750,1350
1887,bueno,22,alquila,60,40,casado,no,freelance,91,160,7000,0,1600,1700
496,malo,3,propietario,60,33,separado,no,freelance,35,NA,6000,0,950,950
623,bueno,18,alquila,48,42,casado,sí,freelance,75,150,0,0,1000,1469
2233,malo,2,otra,24,37,casado,sí,freelance,60,NA,0,0,1000,1795
1347,bueno,3,propietario,48,32,casado,no,freelance,75,65,10500,1500,1500,2155
54,bueno,5,propietario,36,51,casado,no,freelance,75,200,2100,1200,900,1015
3167,bueno,7,alquila,12,41,separado,no,freelance,35,NA,1200,0,200,850
664,bueno,5,propietario,60,25,soltero,no,freelance,35,250,14000,0,1400,2125
613,bueno,10,propietario,60,34,casado,no,freelance,75,300,11000,0,1000,1560
4425,bueno,6,propietario,60,43,casado,sí,freelance,45,140,4300,0,2200,2500
402,bueno,1,propietario,60,36,soltero,no,freelance,60,100,4500,1500,400,1591
398,malo,1,privado,48,34,casado,sí,freelance,45,200,3000,1500,1000,1191
4360,bueno,25,ignorar,36,48,casado,sí,freelance,60,82,20000,0,1200,1588
1920,malo,1,alquila,48,23,soltero,no,freelance,35,NA,0,0,1200,1366
3763,malo,1,ignorar,60,28,casado,sí,freelance,45,NA,4000,0,1500,1661
2815,malo,0,otra,36,41,casado,sí,freelance,35,NA,0,0,1000,1600
1907,bueno,20,propietario,12,43,casado,no,freelance,90,NA,3000,0,500,1909
3441,bueno,6,propietario,48,51,casado,no,freelance,35,105,4000,0,1350,1595
1858,bueno,15,propietario,48,43,casado,no,freelance,60,100,18000,0,2500,2976
816,bueno,3,propietario,48,48,casado,no,freelance,45,100,4000,0,1600,2600
774,bueno,5,padres,60,32,casado,no,freelance,60,538,0,0,1400,2360
2647,bueno,17,propietario,48,51,casado,no,freelance,35,100,16000,0,1100,1358
126,bueno,12,propietario,48,35,separado,no,freelance,45,500,200000,0,2380,4786
2128,bueno,5,propietario,48,55,casado,no,freelance,90,41,30000,0,850,1344
2075,bueno,40,propietario,24,60,casado,no,freelance,45,80,7500,0,325,1365
18,bueno,33,alquila,24,68,casado,no,freelance,65,200,5000,2000,600,1350
342,bueno,8,alquila,60,54,casado,no,freelance,173,230,5000,0,1100,1500
619,bueno,6,propietario,60,25,casado,no,freelance,45,100,3500,2500,950,1177
452,malo,3,padres,60,19,soltero,no,freelance,45,198,2500,0,1100,1194
3945,malo,0,propietario,60,39,casado,sí,freelance,45,NA,10000,0,1500,1699
3922,bueno,8,propietario,60,41,casado,no,freelance,60,173,8000,0,1200,1570
2425,bueno,5,privado,24,32,separado,no,freelance,35,143,8000,0,600,1350
2576,bueno,10,propietario,6,46,casado,no,freelance,45,464,10000,0,1100,2235
3338,bueno,3,propietario,24,51,casado,no,freelance,60,NA,26000,300,3000,6900
1364,bueno,15,propietario,12,49,casado,no,freelance,75,NA,17000,0,700,1420
2595,malo,10,propietario,48,54,casado,no,freelance,35,27,5000,0,1050,1054
1110,bueno,28,propietario,36,51,casado,no,freelance,60,152,10000,0,500,635
158,bueno,3,propietario,48,25,soltero,no,freelance,35,NA,4000,0,1200,1449
2821,malo,3,propietario,36,36,casado,no,freelance,90,82,4000,0,1300,1500
287,bueno,5,propietario,24,37,casado,no,freelance,75,500,14000,0,1500,2673
1886,bueno,2,alquila,60,45,casado,no,freelance,88,129,0,0,850,1044
1117,bueno,35,propietario,48,55,casado,no,freelance,60,84,13000,0,1390,1390
3630,bueno,3,propietario,36,47,casado,no,freelance,60,106,10000,0,800,1649
2196,bueno,5,padres,24,27,soltero,no,freelance,35,115,10000,0,325,425
3552,bueno,0,padres,60,21,soltero,no,freelance,35,44,0,0,1200,1311
4135,bueno,23,otra,36,56,separado,no,freelance,35,157,0,0,1800,2320
219,bueno,20,propietario,24,53,casado,no,freelance,45,200,100000,0,1000,1419
3,malo,10,propietario,36,46,casado,sí,freelance,90,200,3000,0,2000,2985
3662,bueno,6,padres,18,27,soltero,no,freelance,35,140,0,0,600,2724
3266,bueno,20,propietario,36,47,casado,no,freelance,60,NA,4000,0,800,1701
275,malo,4,privado,42,50,casado,no,freelance,60,150,7000,0,900,1048
294,bueno,22,propietario,6,46,casado,no,freelance,90,150,75000,0,3000,3300
1042,bueno,9,propietario,60,47,casado,no,freelance,75,178,50000,0,1850,1852
395,malo,1,propietario,48,42,casado,sí,freelance,75,200,9000,4500,1400,1700
871,bueno,6,propietario,36,39,casado,sí,freelance,45,170,14000,1200,1100,1900
889,malo,0,otra,36,49,casado,sí,freelance,75,NA,0,0,2400,2800
2668,malo,5,alquila,36,40,casado,sí,freelance,35,NA,0,0,1800,2800
4074,malo,8,propietario,60,64,casado,no,freelance,60,111,NA,NA,1895,2596
2257,bueno,2,padres,36,20,soltero,no,freelance,45,NA,0,0,1000,1310
3286,malo,3,propietario,60,45,casado,no,freelance,60,NA,5000,0,1370,1403
793,bueno,8,propietario,60,24,soltero,no,freelance,35,265,8000,0,1200,1590
3718,bueno,10,propietario,48,50,casado,no,freelance,45,128,11500,0,500,1195
3645,bueno,20,propietario,48,53,casado,no,freelance,35,NA,6000,0,1157,1200
1022,malo,5,propietario,60,36,casado,no,freelance,90,62,3000,0,650,1295
2366,bueno,30,propietario,48,60,casado,no,freelance,60,6,16000,0,1200,1636
1249,bueno,20,alquila,60,41,soltero,no,freelance,50,148,4000,0,835,1356
1924,bueno,10,propietario,60,47,casado,no,freelance,60,85,15000,0,1500,1813
3534,malo,1,propietario,36,41,soltero,sí,freelance,35,NA,15000,0,1500,2500
3758,bueno,0,padres,48,28,soltero,no,freelance,35,100,0,0,900,1400
1943,bueno,15,alquila,6,41,casado,no,freelance,93,175,20000,1000,500,1825
4173,malo,2,propietario,36,22,soltero,no,freelance,35,NA,11000,0,375,450
3729,bueno,15,propietario,60,39,casado,no,freelance,60,555,40000,0,1500,4000
2269,bueno,5,propietario,60,37,casado,sí,freelance,75,75,12000,0,900,1014
2939,bueno,2,propietario,36,30,casado,no,freelance,35,NA,4000,0,1100,1850
2096,bueno,3,alquila,48,33,casado,no,freelance,89,291,0,0,900,1041
3704,bueno,2,privado,24,51,casado,no,freelance,45,NA,10500,0,600,943
1916,bueno,15,propietario,12,46,casado,no,freelance,45,265,7000,0,400,1127
3336,malo,1,propietario,48,39,casado,sí,freelance,60,NA,6000,0,1300,3626
2398,bueno,5,propietario,60,39,casado,no,freelance,75,85,4000,0,1200,1463
2660,bueno,14,propietario,12,41,casado,no,freelance,60,245,7000,0,500,1253
1441,malo,0,otra,36,52,casado,no,freelance,45,NA,0,0,500,1050
1597,malo,4,alquila,48,26,soltero,no,freelance,50,150,0,0,1100,1335
9,bueno,0,propietario,60,32,casado,no,freelance,90,107,15000,0,1200,1957
2387,malo,20,alquila,48,45,soltero,no,freelance,35,NA,0,0,900,1300
3538,bueno,8,privado,60,45,casado,no,freelance,75,200,35000,0,800,1270
3679,bueno,0,propietario,12,36,casado,no,freelance,45,NA,8000,0,1300,1591
4254,bueno,45,propietario,12,60,casado,no,freelance,35,52,19000,0,550,1240
1851,bueno,22,propietario,36,50,casado,no,freelance,135,NA,24000,0,500,800
658,malo,10,padres,60,34,casado,sí,freelance,60,400,12000,0,2075,2253
3644,bueno,1,propietario,60,30,soltero,sí,freelance,35,57,4000,2100,1500,1950
1724,bueno,0,propietario,60,25,casado,no,freelance,45,NA,2500,0,1500,1812
3031,malo,6,padres,60,29,soltero,no,freelance,35,NA,3500,0,1000,1183
1257,bueno,13,propietario,60,52,casado,no,freelance,60,NA,20000,0,1370,1714
2396,bueno,22,alquila,36,51,soltero,sí,freelance,35,NA,0,0,350,950
1844,bueno,4,padres,18,29,casado,no,freelance,75,NA,0,0,175,225
1685,bueno,0,propietario,60,25,casado,no,freelance,60,NA,5500,1000,1100,1650
2508,malo,0,propietario,36,30,separado,no,freelance,60,48,7000,0,300,365
727,bueno,10,propietario,60,46,viudo,no,freelance,45,123,3500,0,1100,1375
695,bueno,12,propietario,60,38,casado,no,freelance,75,225,4500,900,1000,1606
288,bueno,20,padres,60,36,casado,no,freelance,60,130,0,0,1200,1630
2923,bueno,20,propietario,24,46,casado,no,freelance,35,40,17000,0,1000,1895
1816,bueno,15,propietario,36,58,casado,no,freelance,60,159,9000,0,687,687
330,bueno,10,propietario,60,55,casado,no,freelance,60,NA,10000,0,1000,1180
3111,malo,2,privado,24,41,casado,sí,freelance,90,19,5000,0,800,1900
408,bueno,20,padres,36,50,casado,no,freelance,45,113,20000,0,700,1224
3883,bueno,0,alquila,12,22,soltero,no,freelance,38,34,0,0,700,1665
3227,bueno,20,padres,36,39,casado,no,freelance,60,346,35000,0,1900,2440
1181,malo,1,alquila,36,24,casado,no,freelance,44,90,0,0,1050,1493
1256,malo,17,privado,60,48,casado,sí,freelance,60,69,7000,0,1400,1813
1956,bueno,18,propietario,36,33,casado,no,freelance,75,68,9000,3000,850,1340
1864,bueno,1,alquila,48,27,casado,no,freelance,76,160,0,0,1700,1985
3121,bueno,20,propietario,30,55,casado,no,freelance,75,NA,25000,0,1100,1930
878,malo,4,propietario,48,44,casado,no,freelance,60,250,40000,9300,700,1111
824,malo,10,alquila,24,52,casado,no,freelance,45,NA,2000,0,400,1242
2157,malo,0,alquila,30,30,casado,no,freelance,75,NA,0,0,600,830
950,malo,2,propietario,60,57,soltero,no,freelance,35,50,15000,0,960,962
1299,bueno,17,alquila,24,49,casado,no,freelance,80,53,0,0,600,1104
3949,bueno,10,propietario,36,52,casado,no,freelance,35,225,25000,0,2000,2315
3026,malo,0,otra,60,27,casado,no,freelance,60,NA,0,0,1400,1453
2979,bueno,25,propietario,36,50,casado,no,freelance,60,NA,25000,3000,2300,3295
2438,malo,6,padres,36,31,soltero,sí,freelance,35,319,0,0,1200,1730
1716,bueno,1,propietario,36,20,casado,no,freelance,45,110,11500,0,700,770
2596,malo,4,otra,36,54,casado,no,freelance,60,NA,0,0,250,350
2810,bueno,1,otra,36,46,casado,no,freelance,60,NA,0,0,660,1212
2631,bueno,8,alquila,36,51,casado,sí,freelance,60,NA,0,0,400,600
1732,malo,3,padres,48,23,soltero,no,freelance,35,182,0,0,1100,1427
166,malo,6,propietario,48,58,casado,sí,freelance,60,400,86000,0,930,945
1345,bueno,40,alquila,18,62,casado,no,freelance,77,166,10000,0,900,2040
17,bueno,15,privado,24,52,soltero,no,freelance,35,330,16500,0,1500,2201
436,malo,3,propietario,60,40,casado,no,freelance,75,246,2500,0,1300,1500
2930,bueno,4,propietario,60,37,casado,no,freelance,35,128,18000,0,800,1560
1662,bueno,7,privado,12,30,soltero,no,freelance,35,NA,3000,0,600,670
3211,malo,3,padres,48,28,soltero,no,freelance,35,79,0,0,1400,1958
1798,malo,0,alquila,60,34,casado,no,freelance,75,NA,4000,1000,1275,1325
444,malo,2,otra,48,47,soltero,sí,freelance,35,NA,0,0,2150,2152
2540,bueno,1,padres,48,25,soltero,no,freelance,35,280,6000,0,1100,1650
919,bueno,5,propietario,60,28,casado,sí,freelance,75,240,3000,0,1300,1585
2199,malo,1,propietario,48,33,casado,no,freelance,60,198,3000,0,1800,2196
2969,bueno,2,propietario,24,40,casado,no,freelance,60,NA,5000,0,680,1682
3892,bueno,10,propietario,36,50,casado,no,freelance,75,NA,7500,0,1000,1230
1437,bueno,5,alquila,24,29,casado,no,freelance,45,NA,0,0,800,1197
1669,bueno,20,alquila,36,57,casado,no,freelance,102,117,0,0,475,500
2610,malo,1,propietario,60,53,casado,no,freelance,35,140,8000,0,1600,2222
4247,malo,1,padres,60,33,casado,sí,freelance,45,NA,0,0,1000,1471
3499,bueno,2,otra,60,26,casado,no,freelance,35,30,0,0,900,1159
1106,bueno,0,propietario,12,59,casado,no,freelance,45,42,4000,0,400,790
3304,bueno,20,propietario,18,47,casado,sí,freelance,60,NA,110000,0,1800,3300
3523,bueno,48,propietario,36,62,casado,no,freelance,60,NA,25000,0,180,350
2812,bueno,16,propietario,60,48,casado,no,freelance,45,273,7000,0,2000,2529
394,malo,1,propietario,36,52,casado,sí,freelance,60,NA,100000,20000,1500,2340
4233,bueno,1,propietario,48,41,casado,no,freelance,60,102,4000,0,1000,1090
3740,bueno,12,propietario,36,46,casado,no,freelance,45,NA,8000,0,500,500
71,bueno,18,padres,36,36,casado,no,freelance,60,238,0,0,900,2214
653,malo,11,alquila,18,39,casado,sí,freelance,60,NA,0,0,250,400
418,malo,1,propietario,60,35,casado,no,freelance,90,42,5000,100,500,1300
618,bueno,19,padres,12,41,casado,no,freelance,90,190,500,0,500,1600
1585,malo,1,propietario,48,26,casado,no,freelance,75,180,1600,0,1450,1610
2485,bueno,4,propietario,36,54,casado,no,freelance,35,80,25000,0,1400,1490
1506,bueno,2,alquila,36,36,casado,no,freelance,95,200,5000,0,800,1158
3097,bueno,3,propietario,60,41,casado,no,freelance,60,142,14000,0,1889,1889
1726,malo,0,otra,60,43,casado,no,freelance,75,144,7600,0,1465,1544
1944,bueno,6,propietario,36,38,casado,no,freelance,90,130,7000,300,800,960
4373,malo,3,privado,60,36,casado,no,freelance,60,NA,3000,120,1600,1689
1094,bueno,13,propietario,36,60,casado,no,freelance,60,116,4000,0,1000,1100
2686,malo,1,propietario,60,40,casado,no,freelance,35,349,6000,4000,1300,1511
893,malo,5,propietario,60,43,casado,sí,freelance,75,166,7000,700,1000,1040
383,bueno,1,alquila,36,35,casado,no,freelance,66,208,4000,0,1000,1300
3928,bueno,0,padres,48,22,soltero,no,freelance,45,NA,0,0,4000,4500
3775,malo,2,alquila,48,56,soltero,no,freelance,51,157,11000,4500,1000,2008
2447,bueno,9,propietario,60,53,casado,no,freelance,60,51,8000,3000,1450,1970
1811,bueno,1,alquila,48,28,casado,no,freelance,75,NA,0,0,400,1415
1575,malo,20,propietario,60,50,casado,sí,freelance,45,125,3000,0,1500,1600
4403,bueno,10,propietario,6,52,casado,no,freelance,35,142,24000,0,300,1064
3461,bueno,0,propietario,60,32,casado,no,freelance,60,NA,5500,700,1300,1375
4025,bueno,3,padres,60,23,soltero,no,freelance,35,42,10000,0,2000,2203
2555,bueno,0,propietario,36,42,casado,no,freelance,60,260,3000,250,1100,1288
1913,bueno,15,propietario,18,39,casado,no,freelance,75,275,14000,0,700,2243
3013,bueno,10,propietario,24,50,casado,no,freelance,45,102,6000,0,1000,2445
3487,bueno,10,propietario,6,35,casado,sí,freelance,75,50,6000,1500,500,983
151,bueno,15,propietario,18,35,casado,no,freelance,60,300,4000,0,300,600
525,bueno,1,padres,48,22,soltero,no,freelance,45,158,0,0,260,1440
1069,bueno,1,propietario,60,34,casado,no,freelance,60,NA,11000,0,1400,1500
1564,malo,6,padres,60,38,casado,no,freelance,105,NA,0,0,480,1481
1276,bueno,1,alquila,36,37,casado,no,freelance,90,NA,0,0,850,998
3059,bueno,20,propietario,24,42,casado,sí,freelance,60,145,10000,0,1000,1622
3468,bueno,15,propietario,48,55,casado,no,freelance,45,88,15000,0,650,1243
4398,bueno,2,propietario,36,24,casado,no,freelance,45,NA,4000,1900,700,1780
2455,malo,1,padres,30,23,soltero,no,freelance,35,60,0,0,800,1452
3724,bueno,27,propietario,18,48,casado,no,freelance,35,70,5000,0,800,1578
1448,bueno,2,propietario,18,43,casado,no,freelance,90,356,5000,800,700,1073
2440,bueno,2,propietario,12,32,casado,no,freelance,45,122,5000,500,350,625
4068,bueno,12,propietario,60,56,casado,no,freelance,35,126,17000,0,3000,3745
4330,bueno,20,padres,36,45,casado,no,freelance,60,71,5000,0,1000,1390
4091,malo,13,alquila,36,44,casado,sí,freelance,84,85,0,0,1150,1325
256,bueno,10,propietario,60,49,casado,no,freelance,60,150,23000,0,1200,1390
140,bueno,15,propietario,12,50,casado,no,freelance,45,166,2000,0,500,886
3323,bueno,3,propietario,60,36,casado,no,freelance,60,139,6000,0,1200,1343
4328,bueno,30,ignorar,60,55,casado,no,freelance,45,81,19000,0,900,1560
3475,bueno,6,propietario,60,36,separado,no,freelance,45,85,5000,0,1000,1341
292,bueno,17,propietario,60,41,casado,no,freelance,75,250,13500,3700,1400,2050
845,bueno,30,propietario,36,56,casado,sí,freelance,105,300,30000,1300,1100,1318
1397,bueno,7,propietario,18,33,casado,no,freelance,60,164,4000,0,550,1679
4411,bueno,40,propietario,36,58,casado,no,freelance,45,NA,26000,0,1500,2554
285,bueno,5,propietario,60,54,casado,no,freelance,60,92,6000,1700,1700,1714
2681,bueno,10,propietario,60,28,casado,no,freelance,45,NA,4000,0,1200,1214
1348,bueno,24,propietario,60,54,casado,no,freelance,45,109,17000,0,2000,3400
1821,bueno,0,padres,36,24,soltero,no,freelance,35,59,0,0,500,1400
441,bueno,5,alquila,24,34,casado,no,freelance,95,199,0,0,250,650
2120,bueno,3,propietario,60,38,casado,no,freelance,60,100,18000,0,1500,2360
1292,malo,3,alquila,24,22,soltero,no,freelance,50,148,0,0,700,950
4370,bueno,3,otra,48,39,casado,no,freelance,60,50,5000,0,900,1177
4181,malo,6,alquila,60,47,casado,sí,freelance,45,NA,3000,0,1000,1000
1459,bueno,2,propietario,60,25,casado,no,freelance,45,200,6000,1500,1600,1866
3263,bueno,20,propietario,48,50,casado,no,freelance,60,142,5000,0,650,1177
4120,bueno,10,propietario,48,36,casado,sí,freelance,75,214,10000,0,1143,1143
3456,malo,3,alquila,36,33,separado,sí,freelance,45,NA,0,0,375,870
3452,malo,0,alquila,60,21,casado,no,freelance,35,NA,16000,0,1000,1000
481,bueno,0,propietario,36,55,casado,sí,freelance,45,NA,16000,0,900,1100
1647,malo,2,propietario,48,34,casado,no,freelance,90,250,16000,2000,1500,1768
1513,malo,1,alquila,60,25,casado,no,freelance,45,NA,0,0,1000,1310
2715,bueno,3,propietario,60,26,casado,no,freelance,35,121,8000,3055,1400,1581
2822,bueno,2,alquila,48,45,casado,no,freelance,47,124,0,0,1600,1895
1952,bueno,2,otra,36,44,casado,sí,freelance,120,150,0,0,800,800
1536,bueno,0,propietario,12,49,viudo,no,freelance,60,NA,21000,0,1800,2309
357,bueno,1,propietario,6,29,soltero,no,freelance,35,107,2000,0,300,1298
2210,bueno,30,propietario,36,52,casado,no,freelance,45,33,3000,0,600,1011
2476,bueno,1,propietario,36,36,casado,no,freelance,75,416,8000,0,3875,5175
829,bueno,15,propietario,36,41,casado,no,freelance,90,129,16000,0,1000,1655
1745,malo,10,otra,36,44,casado,sí,freelance,75,NA,0,0,1300,2276
4191,bueno,8,propietario,48,34,casado,no,freelance,45,NA,8000,3600,600,1699
55,bueno,3,padres,12,37,casado,no,freelance,60,150,500,0,500,1701
3828,malo,7,otra,36,38,casado,sí,freelance,35,59,0,0,1000,2246
4433,bueno,8,propietario,48,40,soltero,no,freelance,35,NA,5000,0,1200,1678
2955,malo,2,propietario,36,21,soltero,sí,freelance,35,25,13000,4000,1000,1200
3720,malo,2,padres,36,26,soltero,no,freelance,35,66,0,0,750,865
314,bueno,6,propietario,36,49,casado,no,freelance,60,100,22000,0,1000,1790
3694,malo,15,otra,60,46,casado,sí,freelance,35,244,8000,0,2250,2758
1472,bueno,3,otra,48,22,soltero,no,freelance,60,104,5000,0,1300,1813
1677,malo,4,NA,48,47,casado,sí,freelance,45,NA,NA,NA,1350,2172
2259,bueno,10,propietario,24,50,casado,no,freelance,60,100,4000,0,700,1461
3477,bueno,15,padres,60,42,casado,no,freelance,60,NA,0,0,1100,1100
2873,bueno,22,propietario,48,48,casado,no,freelance,75,642,37000,0,1000,1484
3274,malo,0,padres,48,28,soltero,no,freelance,35,65,3000,0,800,1800
2807,bueno,1,otra,36,32,soltero,no,freelance,35,NA,0,0,1000,1172
3821,bueno,10,propietario,24,50,casado,no,freelance,60,200,NA,0,500,1131
2638,bueno,6,propietario,48,37,casado,no,freelance,45,189,15750,3000,2300,2936
3525,bueno,3,propietario,24,41,casado,no,freelance,60,NA,11000,0,800,1173
1868,bueno,0,propietario,36,35,casado,no,freelance,75,190,4000,0,1300,2125
1613,bueno,1,alquila,36,29,casado,no,freelance,54,86,0,0,500,1686
1297,malo,6,alquila,36,41,casado,sí,freelance,75,NA,0,0,775,875
678,malo,35,propietario,36,51,casado,no,freelance,45,NA,11700,0,1300,2810
101,bueno,38,propietario,48,57,casado,no,freelance,45,58,12000,0,1500,3262
1250,malo,0,otra,60,47,viudo,sí,freelance,45,NA,0,0,1500,1600
1771,bueno,3,alquila,48,51,casado,no,freelance,90,NA,0,0,1200,1240
3914,malo,0,padres,36,35,soltero,no,freelance,35,NA,0,0,875,950
2696,malo,1,privado,48,40,casado,no,freelance,45,NA,4000,0,750,1720
1761,bueno,8,padres,60,33,casado,no,freelance,75,160,0,0,1200,1506
988,bueno,2,propietario,36,31,casado,no,freelance,60,92,2500,850,600,1638
3291,bueno,5,alquila,36,30,soltero,sí,freelance,48,127,0,0,650,900
337,bueno,2,propietario,36,49,casado,sí,freelance,75,154,14000,0,850,1263
1856,malo,3,alquila,48,33,soltero,no,freelance,45,100,0,0,1350,1518
3188,bueno,5,alquila,36,31,casado,no,freelance,46,109,0,0,400,750
2240,bueno,17,propietario,36,38,casado,no,freelance,75,NA,19000,800,700,795
3466,bueno,2,propietario,60,40,casado,no,freelance,75,67,25000,0,1800,2287
3932,malo,3,propietario,36,40,casado,sí,freelance,60,NA,4500,0,575,775
2872,bueno,5,propietario,60,58,casado,no,freelance,45,93,45000,0,1500,2090
1651,bueno,10,propietario,24,34,casado,no,freelance,45,225,25000,0,1300,2063
1921,malo,10,privado,60,44,casado,no,freelance,60,70,15000,2880,1150,1297
1054,malo,12,propietario,60,47,casado,sí,freelance,75,285,20000,0,1440,1440
505,malo,5,otra,24,41,separado,no,freelance,35,NA,0,0,500,1000
2213,malo,10,propietario,36,40,casado,no,freelance,90,17,9000,0,450,550
3709,bueno,3,propietario,24,43,casado,no,freelance,75,NA,3000,0,650,1548
3900,bueno,18,alquila,36,41,soltero,no,freelance,40,53,0,0,750,1077
1438,bueno,8,propietario,36,60,casado,no,freelance,45,78,11000,0,500,670
526,bueno,8,propietario,60,42,casado,sí,freelance,75,290,10000,0,1200,2140
1312,bueno,9,alquila,36,31,casado,sí,freelance,84,241,10000,0,3800,5852
4170,bueno,2,padres,60,26,soltero,no,freelance,35,8,0,0,900,984
1970,malo,15,propietario,48,45,casado,no,freelance,150,NA,8000,0,1250,1757
2996,malo,10,NA,18,47,casado,sí,freelance,45,NA,NA,NA,700,1428
2924,bueno,26,propietario,60,54,casado,no,freelance,60,186,80000,0,1600,2257
3635,bueno,16,propietario,12,56,casado,no,freelance,45,65,17000,0,650,1665
399,bueno,25,propietario,12,43,casado,no,freelance,75,250,100000,0,600,841
3264,malo,8,propietario,36,45,casado,sí,freelance,45,314,18000,0,2800,2960
1023,malo,5,propietario,60,36,casado,no,freelance,90,62,3000,0,650,1295
2281,bueno,14,alquila,60,46,casado,no,freelance,67,67,0,0,1500,2250
675,bueno,4,alquila,42,41,casado,no,freelance,90,NA,10000,0,1300,2260
2040,bueno,15,propietario,36,38,casado,sí,freelance,45,110,7000,0,450,550
4453,bueno,0,alquila,48,23,soltero,no,freelance,49,140,0,0,550,550
1105,bueno,1,padres,48,27,soltero,no,freelance,35,85,0,0,650,650
3897,bueno,5,propietario,60,37,casado,no,freelance,60,67,3500,196,1300,1625
1315,bueno,2,padres,12,25,soltero,sí,freelance,35,74,18000,0,600,1638
34,bueno,10,propietario,36,39,casado,no,freelance,75,150,3000,0,1000,1394
846,bueno,1,otra,24,24,casado,no,freelance,60,137,0,0,300,750
3029,bueno,12,propietario,36,49,casado,no,freelance,35,78,12000,2000,1000,1200
135,bueno,0,alquila,60,33,casado,no,freelance,65,200,0,0,700,800
2607,malo,5,alquila,48,48,casado,sí,freelance,65,50,0,0,1200,1487
3901,bueno,17,propietario,48,55,casado,sí,freelance,60,73,15000,0,1900,2205
633,malo,10,alquila,60,58,divorciado,no,freelance,82,470,0,0,1350,1488
1762,malo,8,padres,48,29,soltero,sí,freelance,35,NA,0,0,1145,1145
2204,bueno,20,alquila,60,45,casado,sí,freelance,93,175,1500,0,1500,1645
2399,malo,2,alquila,48,37,separado,sí,freelance,35,NA,0,0,2000,3900
93,bueno,4,alquila,36,21,casado,no,freelance,101,413,6000,0,750,850
4132,bueno,30,propietario,60,53,casado,no,freelance,35,201,25000,0,1360,1450
2712,bueno,3,propietario,60,27,casado,no,freelance,45,21,4000,0,1050,1064
3657,malo,3,alquila,48,25,casado,sí,freelance,35,NA,0,0,1300,1361
952,malo,10,propietario,36,36,casado,no,freelance,75,NA,10000,0,1000,1400
3835,bueno,12,propietario,48,39,casado,no,freelance,60,95,6000,0,1300,1600
517,bueno,30,alquila,60,50,casado,no,freelance,68,225,10000,0,1300,1500
2203,bueno,1,propietario,48,42,separado,no,freelance,75,310,3500,0,1300,1700
3365,malo,2,alquila,48,31,casado,no,freelance,45,NA,0,0,1300,1300
3975,bueno,5,alquila,60,42,separado,sí,freelance,89,288,15000,0,1800,2148
1,bueno,9,alquila,60,30,casado,no,freelance,73,129,0,0,800,846
810,malo,2,alquila,48,31,casado,no,freelance,102,268,0,0,1400,1635
3542,bueno,17,alquila,24,50,casado,no,freelance,68,79,1000,0,1000,3782
4159,bueno,17,propietario,24,51,casado,no,freelance,35,NA,5000,0,800,1630
1433,malo,0,padres,60,30,casado,no,freelance,60,NA,0,0,1000,1110
2572,bueno,0,alquila,48,52,casado,no,freelance,35,NA,5000,0,800,1794
2727,bueno,20,alquila,48,55,casado,no,freelance,51,156,0,0,1000,1643
2778,bueno,10,propietario,60,39,casado,no,freelance,60,171,39000,0,3000,3569
1702,bueno,30,alquila,36,59,casado,no,freelance,50,52,25000,0,1000,1298
2294,malo,20,propietario,60,44,casado,sí,freelance,75,60,3000,0,1500,1912
2404,malo,0,padres,36,35,casado,no,freelance,75,NA,0,0,1450,1500
692,bueno,15,alquila,18,55,casado,no,freelance,102,120,20000,0,1150,1366
4246,bueno,4,propietario,60,39,casado,no,freelance,45,NA,7500,0,1300,1508
1111,malo,1,privado,60,35,casado,no,freelance,35,NA,3000,0,1400,1411
796,bueno,5,privado,24,32,soltero,no,freelance,35,189,7750,3900,1000,1536
3889,bueno,0,propietario,60,47,casado,no,freelance,45,56,6000,0,1345,1345
2365,malo,9,propietario,36,43,casado,sí,freelance,75,NA,12000,0,1700,1730
3115,bueno,3,padres,60,23,soltero,no,freelance,45,70,4000,0,1000,1330
1101,bueno,12,alquila,36,35,casado,sí,freelance,82,74,8000,0,475,550
3170,bueno,0,padres,60,39,casado,no,freelance,45,NA,0,0,1300,1796
3454,malo,5,otra,60,53,casado,no,freelance,35,NA,0,0,2000,2365
2016,bueno,1,propietario,36,30,casado,no,freelance,75,NA,6000,0,700,850
3513,malo,2,alquila,60,32,casado,sí,freelance,60,NA,0,0,1100,1480
828,malo,15,alquila,60,33,casado,sí,freelance,64,36,0,0,1150,1150
175,bueno,20,propietario,24,47,casado,no,freelance,75,300,5000,0,600,832
245,bueno,1,propietario,60,30,casado,no,freelance,35,236,3500,1000,1000,1514
278,malo,2,alquila,60,35,casado,sí,freelance,75,NA,0,0,1000,1206
2806,bueno,10,propietario,60,50,casado,no,freelance,35,NA,3500,0,700,985
2652,malo,0,otra,60,51,casado,no,freelance,60,NA,0,0,1300,1321
2762,bueno,9,alquila,36,39,casado,no,freelance,54,90,0,0,600,875
1360,bueno,25,propietario,48,47,casado,no,freelance,60,157,15000,0,1990,2460
1561,bueno,10,alquila,48,56,casado,no,freelance,86,112,0,0,1000,1000
4028,bueno,5,alquila,24,41,casado,no,freelance,44,90,8000,0,600,1218
861,bueno,12,propietario,12,51,casado,no,freelance,45,200,2000,0,350,450
1503,bueno,17,propietario,48,42,casado,no,freelance,75,250,7000,1000,1600,2078
4036,malo,1,privado,36,28,casado,no,freelance,45,NA,6000,0,1000,1150
479,bueno,15,propietario,48,34,separado,no,freelance,45,NA,5000,0,900,1197
3325,bueno,0,padres,48,28,soltero,no,freelance,35,NA,0,0,720,1321
4337,bueno,30,propietario,60,55,casado,no,freelance,35,100,70000,0,1175,1574
265,bueno,8,propietario,12,49,casado,no,freelance,60,142,6000,0,200,1048
396,bueno,15,propietario,60,44,casado,no,freelance,60,42,10000,0,910,1450
2446,bueno,2,padres,36,24,casado,sí,freelance,45,NA,0,0,1000,2223
4051,malo,2,padres,36,21,soltero,no,freelance,35,221,0,0,500,650
3850,bueno,3,padres,48,20,soltero,no,freelance,35,NA,7000,0,1000,1362
1123,malo,15,alquila,24,47,casado,sí,freelance,79,41,7000,0,1200,2257
2473,bueno,5,propietario,60,35,casado,no,freelance,45,NA,NA,0,700,768
4354,bueno,10,propietario,12,42,casado,sí,freelance,35,105,4000,0,380,913
1184,bueno,20,alquila,36,39,casado,no,freelance,95,202,0,0,600,1461
680,bueno,30,padres,24,53,casado,no,freelance,90,500,0,0,600,1100
1733,bueno,0,propietario,36,32,casado,no,freelance,90,NA,17000,0,700,875
2172,bueno,13,propietario,36,61,casado,no,freelance,60,120,2500,0,600,980
4212,bueno,1,propietario,48,48,casado,no,freelance,45,188,14000,0,900,1082
3743,malo,1,alquila,60,28,casado,no,freelance,53,179,0,0,1825,2275
3195,bueno,2,propietario,48,51,casado,no,freelance,60,241,6500,51,900,1100
1163,malo,1,alquila,36,23,casado,no,freelance,75,300,0,0,400,700
404,bueno,16,padres,60,34,soltero,no,freelance,35,NA,12000,0,1200,1336
1421,malo,0,propietario,60,36,casado,sí,freelance,75,NA,6000,0,1650,1861
1852,bueno,8,padres,60,24,soltero,no,freelance,35,NA,0,0,900,996
928,bueno,3,otra,12,30,soltero,no,freelance,35,150,0,0,920,1396
429,malo,9,alquila,60,32,casado,sí,freelance,71,109,0,0,1135,1355
3277,bueno,15,propietario,24,53,casado,sí,freelance,60,245,30000,0,2400,4400
1696,bueno,25,propietario,36,59,soltero,no,freelance,35,19,5500,1500,425,1175
2197,malo,7,alquila,60,38,casado,no,freelance,90,NA,0,0,1370,1397
3240,bueno,5,propietario,36,47,casado,no,freelance,60,80,4000,0,350,385
2513,bueno,2,padres,24,23,soltero,no,freelance,35,63,20000,0,600,2143
1809,bueno,25,propietario,36,50,casado,no,freelance,90,210,75000,0,900,1125
4111,bueno,0,propietario,18,44,casado,no,freelance,60,109,NA,0,350,550
3725,bueno,3,alquila,36,30,casado,sí,freelance,59,140,0,0,1300,2115
2869,bueno,0,propietario,36,37,casado,no,freelance,60,NA,15000,0,400,750
4154,bueno,45,propietario,30,64,casado,no,freelance,45,157,20000,0,1000,1588
2802,bueno,0,propietario,36,53,separado,no,freelance,35,NA,10000,2000,600,787
2605,malo,1,padres,48,22,soltero,no,freelance,35,NA,10000,0,650,722
3500,bueno,3,propietario,36,49,casado,no,freelance,45,64,4000,0,400,773
95,bueno,9,alquila,48,56,casado,no,freelance,140,350,0,0,1400,1571
3882,bueno,8,alquila,60,46,casado,no,freelance,45,NA,0,0,1000,1359
1901,malo,2,padres,30,25,casado,no,freelance,35,31,0,0,250,550
269,malo,2,propietario,36,33,casado,no,freelance,75,220,16000,500,3000,4100
775,bueno,3,padres,18,42,casado,no,freelance,75,276,1500,0,750,1758
1908,malo,1,padres,48,22,soltero,no,freelance,35,70,3000,2000,1300,1491
263,bueno,12,propietario,36,64,soltero,sí,freelance,60,341,4500,0,900,900
2673,bueno,1,propietario,48,53,casado,no,freelance,35,213,20000,0,1250,2040
1053,bueno,18,propietario,42,38,casado,no,freelance,75,229,8000,0,1700,1850
462,bueno,6,propietario,60,28,soltero,no,freelance,35,NA,7000,800,1500,1828
1505,malo,5,propietario,60,44,casado,no,freelance,45,65,4000,0,1400,1847
1542,bueno,0,propietario,30,55,casado,no,freelance,60,155,6000,0,500,635
378,bueno,6,propietario,18,42,casado,no,freelance,90,45,4000,34,200,1500
3139,malo,10,propietario,48,63,casado,sí,freelance,35,NA,3000,0,4000,4769
2298,bueno,7,propietario,60,33,casado,no,freelance,75,138,4000,0,1400,2035
264,bueno,25,propietario,48,49,casado,no,freelance,105,240,12000,4200,1660,1698
4414,malo,5,propietario,60,30,casado,sí,freelance,45,107,8000,0,2500,3106
2624,malo,0,padres,60,38,separado,sí,freelance,45,NA,0,0,700,1738
1674,bueno,0,propietario,48,37,casado,no,freelance,60,107,18000,1700,800,1015
998,malo,6,alquila,36,49,casado,sí,freelance,113,380,0,0,1000,1337
2874,bueno,15,propietario,60,56,casado,sí,freelance,45,155,10500,0,1250,1392
3215,bueno,15,propietario,12,46,separado,no,freelance,35,85,15000,0,1000,1862
1161,bueno,5,propietario,36,26,casado,sí,freelance,45,150,7000,0,1500,2588
2761,bueno,8,propietario,36,30,casado,no,freelance,45,80,7000,3000,1000,1734
3996,bueno,30,propietario,12,56,casado,no,freelance,45,60,12000,0,1375,1700
3260,bueno,13,propietario,60,38,casado,no,freelance,35,140,7500,0,350,1355
2755,malo,8,padres,60,49,casado,no,freelance,105,43,3000,0,1200,1451
2110,bueno,30,propietario,24,58,casado,no,freelance,60,216,11000,0,983,1200
3310,malo,0,padres,48,34,separado,no,freelance,35,NA,4000,0,2370,2540
3241,malo,5,alquila,60,25,casado,no,freelance,72,121,0,0,2000,2200
2458,malo,5,alquila,36,48,casado,no,freelance,97,365,0,0,1300,1736
2929,bueno,4,propietario,60,37,casado,no,freelance,35,128,18000,0,800,1560
3804,bueno,4,ignorar,60,62,casado,no,freelance,35,102,8000,0,1200,1405
568,bueno,10,propietario,36,32,casado,no,freelance,75,202,2100,0,900,900
2583,bueno,4,otra,60,37,casado,sí,freelance,60,61,0,0,1420,1450
1335,bueno,15,padres,36,40,casado,sí,freelance,75,NA,0,0,375,375
134,bueno,20,propietario,30,62,casado,no,freelance,60,300,24000,9000,600,823
469,bueno,4,propietario,60,32,casado,no,freelance,60,NA,6000,0,1100,1296
714,malo,0,otra,36,36,soltero,no,freelance,35,NA,0,0,1250,1575
4090,bueno,6,propietario,60,28,casado,no,freelance,60,125,0,0,800,1700
2451,bueno,32,padres,42,53,casado,no,freelance,60,160,0,0,200,829
4183,bueno,30,propietario,48,66,casado,no,freelance,35,178,7000,0,1000,1108
1832,malo,3,propietario,60,22,soltero,no,freelance,35,100,10000,0,800,990
2876,bueno,3,alquila,36,45,casado,no,freelance,61,155,10000,0,1000,1500
3132,bueno,4,otra,36,27,soltero,no,freelance,35,41,0,0,200,795
2963,bueno,7,propietario,12,45,viudo,sí,freelance,75,200,15000,0,600,1130
3723,malo,5,propietario,48,39,casado,sí,freelance,60,66,10000,0,875,875
3955,malo,0,alquila,60,38,casado,no,freelance,35,NA,0,0,1300,1636
1478,malo,0,propietario,48,38,casado,no,freelance,90,38,2800,0,1050,1238
729,bueno,6,propietario,48,55,casado,no,freelance,45,72,16000,0,1760,2212
85,bueno,10,propietario,60,38,casado,no,freelance,75,200,9000,0,1000,2089
2896,bueno,31,propietario,48,57,casado,sí,freelance,60,230,19400,1781,600,887
887,bueno,20,propietario,36,46,casado,sí,freelance,105,80,9000,0,850,886
4126,bueno,18,propietario,24,61,casado,no,freelance,45,119,8000,0,1100,1340
3352,malo,1,propietario,60,53,casado,sí,freelance,35,NA,30000,0,1900,2362
3567,bueno,4,propietario,60,25,soltero,no,freelance,35,100,25000,0,2250,2270
1043,bueno,15,propietario,48,53,casado,no,freelance,75,100,17000,0,500,1114
2707,bueno,3,propietario,60,34,casado,no,freelance,45,NA,3000,0,1350,1423
1289,malo,3,propietario,36,43,casado,no,freelance,45,NA,3500,0,600,800
1456,malo,2,propietario,36,19,soltero,sí,freelance,35,NA,9000,0,500,1100
1648,malo,0,alquila,48,39,casado,no,freelance,45,NA,0,0,700,987
3778,bueno,5,padres,48,27,casado,sí,freelance,45,175,0,0,1000,1342
2226,bueno,2,padres,48,25,casado,no,freelance,60,150,0,0,1000,1300
4082,bueno,25,propietario,18,40,casado,no,freelance,75,NA,5000,1600,375,375
2971,bueno,5,propietario,60,35,casado,no,freelance,45,NA,25000,0,1500,1850
1209,bueno,5,alquila,12,35,casado,sí,freelance,96,210,0,0,300,700
3826,bueno,10,propietario,6,39,casado,no,freelance,75,67,8000,0,430,500
662,bueno,12,propietario,60,33,casado,sí,freelance,90,146,15000,0,1150,1284
50,bueno,25,propietario,36,52,casado,no,freelance,60,150,15000,0,750,1778
3222,bueno,7,propietario,60,47,casado,no,freelance,45,NA,9000,0,1500,1661
498,malo,20,propietario,36,40,soltero,sí,freelance,35,NA,8500,400,750,1100
1370,malo,2,propietario,48,20,soltero,no,freelance,35,450,31000,0,1500,1853
36,bueno,32,propietario,24,62,casado,no,freelance,45,119,8500,0,700,1200
3288,malo,2,padres,36,30,soltero,no,freelance,35,NA,15000,0,2000,2600
2050,bueno,7,alquila,24,32,soltero,no,freelance,67,320,0,0,2000,3400
1758,malo,0,alquila,36,32,casado,no,freelance,89,285,0,0,1000,1304
561,bueno,25,propietario,36,51,separado,no,freelance,35,200,5000,0,1700,2022
1044,malo,3,alquila,36,32,soltero,no,freelance,35,NA,0,0,950,1350
195,malo,0,otra,36,48,casado,sí,freelance,45,NA,0,0,1600,2053
1963,bueno,20,propietario,24,55,casado,no,freelance,75,NA,11600,0,750,1705
4441,bueno,3,propietario,42,41,casado,no,freelance,35,NA,40000,0,1460,2191
567,malo,0,otra,60,31,casado,no,freelance,60,NA,0,0,1400,1500
243,bueno,20,propietario,36,42,casado,no,freelance,90,250,4500,0,1500,1750
114,malo,0,propietario,36,39,soltero,no,freelance,35,NA,4000,0,1000,1210
2429,malo,27,propietario,60,58,casado,no,freelance,60,60,15000,0,1450,1657
284,bueno,10,propietario,36,32,casado,no,freelance,60,300,40000,3000,2000,4138
2521,malo,15,propietario,36,56,casado,sí,freelance,35,90,16000,0,800,1300
2991,malo,0,propietario,36,27,casado,no,freelance,45,NA,3500,1500,600,780
3496,bueno,16,otra,30,44,casado,no,freelance,35,107,8000,0,1300,1634
4166,bueno,6,propietario,48,53,casado,no,freelance,60,178,15000,0,800,1371
4199,malo,1,alquila,36,47,casado,sí,freelance,105,NA,0,0,500,500
2122,bueno,8,privado,60,47,casado,no,freelance,75,178,2500,0,1600,1661
3855,bueno,23,padres,60,37,soltero,no,freelance,35,NA,4500,0,1950,2336
2917,bueno,30,alquila,24,53,casado,no,freelance,69,240,25000,0,1000,2200
1930,bueno,1,propietario,60,33,casado,no,freelance,75,122,3500,2900,1400,1803
1073,bueno,25,propietario,60,62,casado,no,freelance,60,428,22000,0,1900,1994
1226,bueno,18,propietario,60,42,casado,no,freelance,90,NA,5000,0,1300,2147
1976,malo,2,padres,60,54,soltero,no,freelance,35,120,0,0,600,847
1764,malo,40,propietario,36,62,casado,sí,freelance,45,157,13500,0,1000,1300
3768,bueno,10,padres,36,34,casado,sí,freelance,45,NA,10000,0,600,882
2109,bueno,9,propietario,36,43,casado,no,freelance,90,142,24000,0,2500,2700
242,malo,10,alquila,60,43,casado,no,freelance,90,NA,0,0,1350,1668
251,bueno,6,propietario,48,35,casado,no,freelance,45,200,7000,0,1540,1603
333,malo,4,propietario,60,47,casado,no,freelance,75,NA,13500,0,1900,1976
3385,malo,3,otra,60,29,casado,no,freelance,35,128,0,0,1100,1350
735,malo,30,propietario,18,57,casado,sí,freelance,75,290,NA,0,350,450
2773,malo,10,propietario,36,36,casado,sí,freelance,60,200,7000,0,1100,1250
1975,bueno,10,propietario,24,47,casado,no,freelance,135,150,4500,0,350,1097
1274,bueno,2,otra,60,41,separado,no,freelance,35,100,5000,0,1200,1450
3661,malo,5,propietario,60,39,soltero,sí,freelance,75,72,NA,0,1000,1042
403,malo,2,padres,60,52,casado,sí,freelance,75,160,5000,0,1350,1999
1776,bueno,0,propietario,60,31,viudo,no,freelance,35,200,4000,0,943,1018
2190,malo,2,padres,36,36,casado,no,freelance,90,59,0,0,500,715
94,bueno,6,alquila,36,38,casado,no,freelance,95,500,25000,21400,800,1011
3734,malo,25,privado,60,56,casado,sí,freelance,90,85,3500,0,800,975
3237,malo,2,alquila,24,32,soltero,sí,freelance,35,NA,0,0,1700,2800
3175,bueno,18,propietario,36,45,casado,no,freelance,60,112,4500,0,700,1360
1474,bueno,1,padres,48,26,soltero,no,freelance,35,500,0,0,1300,1561
3076,bueno,1,padres,60,21,soltero,sí,freelance,35,73,0,0,800,899
4032,bueno,7,propietario,60,33,casado,no,freelance,60,144,4500,0,1100,1245
4295,malo,3,padres,60,29,soltero,no,freelance,35,NA,0,0,1500,2500
648,bueno,32,propietario,24,63,casado,no,freelance,45,NA,90000,0,1000,1501
4238,bueno,8,padres,12,27,soltero,no,freelance,35,150,3000,0,275,550
2919,bueno,11,propietario,60,38,casado,no,freelance,35,122,3500,0,1000,1182
1381,bueno,11,propietario,48,46,casado,no,freelance,75,160,10000,0,1150,1156
2805,malo,2,propietario,60,26,soltero,no,freelance,35,NA,10000,4800,1600,1911
1159,bueno,17,propietario,24,50,casado,no,freelance,60,285,22000,700,500,1321
3857,malo,0,padres,36,19,soltero,no,freelance,35,NA,0,0,400,495
4256,malo,0,propietario,60,37,casado,no,freelance,90,NA,8000,4000,1550,1557
1192,malo,0,otra,48,45,casado,no,freelance,75,120,0,0,900,964
4069,bueno,5,propietario,36,43,casado,no,freelance,45,NA,4000,0,1800,2300
1797,malo,3,propietario,24,60,casado,no,freelance,90,50,16000,0,2750,2971
2068,bueno,20,propietario,12,47,casado,no,freelance,90,400,15000,1000,800,2335
1739,bueno,25,propietario,60,43,casado,no,freelance,60,62,12000,0,1000,1627
1609,bueno,12,propietario,12,50,casado,no,freelance,75,200,17000,3000,1250,1721
3507,bueno,3,propietario,60,24,casado,no,freelance,60,67,9000,0,1300,2885
3345,bueno,3,propietario,36,32,casado,no,freelance,60,NA,8000,12,1600,1600
3737,bueno,30,propietario,12,52,casado,no,freelance,45,80,7000,0,1100,2487
574,malo,1,alquila,48,36,casado,no,freelance,88,125,0,0,1500,1878
3103,malo,15,propietario,48,53,casado,no,freelance,45,200,15000,3500,1650,2000
2241,bueno,35,propietario,60,52,casado,no,freelance,45,90,14000,0,2900,4600
2653,malo,15,propietario,24,34,casado,no,freelance,35,NA,NA,NA,1300,2099
3997,bueno,25,privado,12,55,soltero,no,freelance,35,92,25000,0,150,400
2654,bueno,15,propietario,12,39,casado,no,freelance,60,110,4000,0,700,1100
2402,bueno,8,propietario,24,46,casado,no,freelance,75,NA,15000,0,1000,1603
876,malo,15,alquila,60,36,casado,sí,freelance,97,65,0,0,1000,1168
1323,malo,2,alquila,24,23,soltero,sí,freelance,75,400,0,0,750,900
1989,bueno,5,padres,60,29,soltero,no,freelance,35,115,12000,0,1200,1553
206,bueno,10,propietario,36,45,casado,sí,freelance,60,NA,9500,250,750,1138
1279,bueno,10,alquila,48,38,casado,no,freelance,78,333,0,0,700,1386
2139,bueno,25,propietario,36,55,casado,no,freelance,60,100,50000,0,1400,1705
2008,bueno,0,padres,12,27,soltero,no,freelance,45,857,35000,0,1000,2000
3615,bueno,5,padres,12,32,casado,no,freelance,35,147,0,0,300,750
3856,bueno,6,propietario,48,55,casado,no,freelance,45,74,16000,1500,2000,3753
4023,malo,24,otra,60,41,casado,sí,freelance,75,NA,0,0,2200,2428
3123,bueno,1,propietario,12,34,casado,no,freelance,60,NA,12000,0,400,600
3187,malo,4,alquila,48,43,casado,sí,freelance,45,NA,10000,0,1200,1518
2460,malo,0,padres,36,29,separado,no,freelance,35,NA,0,0,650,975
4376,bueno,20,propietario,6,40,casado,no,freelance,60,300,60000,0,600,1904
2304,malo,3,padres,48,26,casado,no,freelance,35,NA,3500,0,150,816
2928,bueno,12,privado,48,37,casado,no,freelance,60,100,9000,0,1200,1995
3316,bueno,4,propietario,24,40,casado,no,freelance,60,NA,5000,0,500,2260
192,bueno,4,propietario,36,48,casado,no,freelance,120,300,5000,0,1000,1165
177,malo,0,alquila,60,48,separado,sí,freelance,35,NA,25300,15500,1200,1257
1365,bueno,20,propietario,12,60,casado,no,freelance,60,NA,40000,0,700,1420
4349,malo,5,alquila,48,33,casado,sí,freelance,60,NA,0,0,2000,2652
3218,malo,14,propietario,36,31,casado,no,freelance,60,NA,NA,NA,700,1100
3489,bueno,10,propietario,36,43,casado,no,freelance,75,292,8000,0,1800,2240
1712,bueno,7,padres,60,27,soltero,no,freelance,35,39,0,0,1000,1678
2495,malo,1,alquila,24,32,soltero,no,freelance,35,NA,0,0,290,490
2191,bueno,4,padres,60,26,soltero,no,freelance,35,60,0,0,600,710
2552,bueno,10,propietario,30,32,casado,no,freelance,60,65,3000,0,600,1200
2935,malo,5,padres,24,28,soltero,sí,freelance,35,NA,0,0,400,640
4114,malo,25,alquila,36,50,casado,sí,freelance,64,36,0,0,625,650
3616,malo,2,propietario,36,30,soltero,no,freelance,35,177,6500,2300,1750,2750
2475,malo,0,propietario,48,39,casado,no,freelance,60,16,3000,0,850,1053
1962,malo,0,alquila,48,44,casado,no,freelance,90,NA,0,0,600,700
351,bueno,30,alquila,60,52,casado,no,freelance,70,100,14500,0,1250,1563
2684,bueno,10,propietario,60,27,casado,no,freelance,35,180,8000,3530,1700,1847
971,bueno,2,alquila,48,34,casado,no,freelance,75,300,0,0,1700,2185
96,bueno,3,propietario,36,41,casado,no,freelance,75,200,3000,0,1000,1000
3779,bueno,16,padres,24,44,soltero,no,freelance,35,86,0,0,700,950
1872,bueno,5,padres,36,28,soltero,no,freelance,35,NA,0,0,875,950
439,malo,1,otra,48,33,casado,sí,freelance,75,NA,0,0,1000,2218
2379,malo,5,propietario,60,26,soltero,sí,freelance,35,142,5500,3800,950,977
148,bueno,14,propietario,60,64,casado,no,freelance,60,250,10000,0,700,1204
345,bueno,17,propietario,48,49,casado,no,freelance,60,189,7000,0,1100,1294
685,bueno,2,propietario,60,33,casado,no,freelance,75,193,5000,0,1150,1339
3946,bueno,4,privado,24,44,casado,no,freelance,60,NA,2900,0,1800,2750
210,bueno,5,propietario,24,41,casado,no,freelance,105,156,10000,0,800,1894
1946,malo,1,padres,48,25,soltero,no,freelance,35,NA,0,0,1800,1809
877,bueno,2,propietario,36,43,casado,sí,freelance,90,180,8000,560,700,1300
1722,bueno,12,propietario,36,42,casado,no,freelance,60,NA,15000,0,1000,1500
1537,malo,0,propietario,60,49,casado,no,freelance,60,189,3500,0,1600,1815
362,bueno,3,propietario,60,33,casado,sí,freelance,75,225,2000,0,1400,1980
948,bueno,7,alquila,36,33,casado,no,freelance,78,178,0,0,700,1033
4413,bueno,3,padres,36,21,soltero,no,freelance,45,38,3000,0,500,620
1307,bueno,12,propietario,36,41,casado,no,freelance,60,NA,10000,0,1000,2100
2690,malo,5,ignorar,48,46,casado,no,freelance,75,91,6000,0,4500,6222
184,bueno,10,propietario,48,42,casado,no,freelance,75,210,4000,120,1200,1617
2360,malo,0,propietario,60,39,casado,sí,freelance,45,80,6000,0,1100,1131
3761,malo,4,alquila,48,23,casado,no,freelance,52,171,0,0,1150,1450
3556,bueno,15,propietario,48,55,casado,no,freelance,35,NA,14500,0,2000,2848
4454,bueno,5,propietario,60,32,casado,no,freelance,60,140,4000,1000,1350,1650
4291,malo,6,otra,36,35,casado,no,freelance,35,23,3000,0,250,350
773,bueno,4,propietario,60,55,casado,no,freelance,60,350,13000,3000,1700,2200
3036,malo,18,propietario,18,38,casado,sí,freelance,60,93,20000,0,950,1350
1473,bueno,15,propietario,60,40,casado,sí,freelance,75,NA,16000,0,1150,1850
1948,malo,4,otra,12,30,soltero,no,freelance,35,NA,0,0,350,999
1697,bueno,7,privado,36,24,soltero,no,freelance,35,131,7500,0,1350,1406
3169,malo,5,alquila,36,32,casado,sí,freelance,64,42,15000,0,1300,1450
2832,bueno,4,alquila,48,42,casado,no,freelance,100,245,0,0,1450,1489
2255,bueno,10,propietario,36,56,casado,sí,freelance,90,321,26000,0,975,1576
1375,bueno,1,alquila,36,34,casado,no,freelance,94,189,15000,1500,1500,2435
2725,bueno,5,alquila,60,44,casado,sí,freelance,75,NA,5000,0,1800,1888
598,bueno,1,alquila,48,42,casado,no,freelance,76,160,0,0,1200,1326
4117,bueno,7,otra,48,34,casado,no,freelance,45,37,0,0,800,941
1357,bueno,20,propietario,48,39,casado,no,freelance,75,45,10000,0,2000,3650
2310,bueno,20,propietario,48,45,casado,no,freelance,90,NA,30000,0,1100,2500
1522,bueno,6,propietario,48,33,casado,no,freelance,45,78,3500,0,1100,1526
2290,bueno,4,propietario,24,55,casado,no,freelance,90,200,4500,0,800,1230
3823,malo,2,propietario,60,30,casado,sí,freelance,45,NA,5000,700,1000,2200
1803,bueno,8,padres,36,26,soltero,no,freelance,35,NA,9000,2500,450,680
546,bueno,6,propietario,36,37,casado,no,freelance,75,63,4000,50,800,1637
1580,malo,7,otra,48,22,casado,no,freelance,45,NA,0,0,1100,1729
1431,bueno,10,propietario,24,46,casado,no,freelance,120,400,6000,2700,600,1080
1325,malo,2,propietario,60,36,casado,sí,freelance,60,140,29000,0,3900,4812
4418,bueno,25,propietario,36,54,casado,sí,freelance,45,285,7000,0,900,1383
1387,bueno,15,alquila,60,39,casado,no,freelance,60,145,5000,0,1300,1625
507,bueno,30,otra,48,52,casado,no,freelance,90,300,12000,0,1700,1734
2662,bueno,8,propietario,48,46,casado,no,freelance,75,190,7000,0,800,847
1029,bueno,5,padres,24,26,soltero,no,freelance,35,100,0,0,800,2450
866,bueno,12,alquila,36,52,casado,no,freelance,75,NA,3500,0,200,1240
1893,malo,27,propietario,18,47,casado,sí,freelance,75,NA,NA,NA,5000,6500
1629,bueno,6,padres,48,30,soltero,no,freelance,35,NA,7000,0,700,1054
570,bueno,19,propietario,36,52,casado,no,freelance,45,150,15000,0,1420,2220
2950,malo,2,propietario,36,29,soltero,no,freelance,35,71,3000,0,950,1300
785,malo,0,propietario,18,50,casado,no,freelance,135,NA,2000,0,700,1256
1284,malo,10,alquila,60,39,casado,sí,freelance,119,292,13000,2500,1500,2262
1972,bueno,0,padres,36,24,soltero,no,freelance,45,NA,250000,0,700,1214
4237,bueno,5,alquila,36,52,casado,sí,freelance,35,NA,0,0,850,950
1936,bueno,30,propietario,24,51,casado,sí,freelance,45,NA,20000,0,1000,1588
3106,malo,10,alquila,60,38,casado,sí,freelance,60,NA,8000,0,2200,2387
4280,malo,1,propietario,24,34,casado,sí,freelance,60,250,3000,0,1100,1281
422,malo,15,alquila,36,43,casado,no,freelance,75,NA,15000,2000,1100,1720
1568,bueno,0,propietario,48,49,casado,no,freelance,105,280,20000,0,800,1137
1599,malo,1,privado,60,32,casado,no,freelance,75,NA,1200,0,1150,1565
1241,bueno,14,propietario,60,28,casado,no,freelance,75,94,5500,9500,1660,2419
3705,bueno,11,alquila,18,28,casado,sí,freelance,64,190,2000,0,700,1224
2071,bueno,5,propietario,48,39,casado,sí,freelance,45,100,30000,0,1550,2294
3347,bueno,15,propietario,48,37,casado,sí,freelance,45,178,30000,9500,2400,3120
3730,malo,14,propietario,36,33,soltero,no,freelance,35,NA,4000,1500,700,1700
1134,malo,10,propietario,60,42,casado,no,freelance,90,40,5000,1600,2000,2550
1783,bueno,20,propietario,12,52,casado,no,freelance,60,208,8500,0,400,1202
3741,bueno,30,propietario,54,54,viudo,no,freelance,35,224,20000,0,1100,1603
4206,bueno,2,padres,60,25,casado,no,freelance,35,150,2000,0,1000,1302
2235,bueno,5,alquila,48,34,divorciado,no,freelance,57,120,9000,0,950,1290
872,malo,10,alquila,48,36,casado,sí,freelance,100,247,0,0,1500,1810
1327,bueno,5,propietario,24,37,casado,no,freelance,90,143,7000,0,700,900
2915,bueno,0,privado,60,31,casado,no,freelance,45,NA,4500,0,1550,1954
2533,bueno,28,propietario,48,54,casado,no,freelance,75,46,15000,0,900,1300
667,bueno,1,propietario,60,61,casado,sí,freelance,45,NA,97000,2900,1200,2154
2480,bueno,2,padres,60,30,separado,no,freelance,35,150,0,0,1500,1671
3021,bueno,5,padres,12,41,casado,no,freelance,35,NA,0,0,900,1925
2566,bueno,3,privado,36,37,casado,no,freelance,45,NA,4500,0,900,1596
483,malo,2,padres,54,24,soltero,sí,freelance,35,NA,0,0,1800,2646
4096,bueno,20,propietario,6,48,casado,sí,freelance,35,NA,14000,0,500,1351
962,bueno,3,propietario,12,32,casado,no,freelance,75,25,3600,1800,100,550
2973,malo,15,propietario,60,50,viudo,sí,freelance,35,25,15000,2520,880,951
2156,malo,0,otra,60,42,casado,no,freelance,45,NA,0,0,2700,3700
777,malo,7,alquila,60,41,casado,no,freelance,45,NA,0,0,1100,1108
3591,bueno,15,propietario,60,53,casado,no,freelance,45,148,6000,0,1000,1330
614,bueno,10,propietario,48,42,casado,no,freelance,105,230,30000,5000,1200,1570
1550,bueno,10,privado,36,44,casado,no,freelance,75,77,8000,0,900,943
2176,bueno,25,propietario,48,44,casado,no,freelance,75,250,20000,0,700,1100
3686,bueno,6,propietario,24,39,casado,no,freelance,60,178,18000,0,1000,2099
3439,malo,8,alquila,12,32,casado,no,freelance,45,NA,0,0,300,400
3183,bueno,3,propietario,48,25,casado,sí,freelance,35,NA,NA,0,500,1678
2784,bueno,18,privado,60,48,viudo,no,freelance,45,200,8500,500,1300,1309
907,bueno,1,propietario,60,25,casado,no,freelance,60,150,10000,2000,1000,1260
3722,bueno,5,propietario,36,38,casado,no,freelance,60,63,4000,0,1050,1443
485,malo,0,alquila,60,43,casado,no,freelance,75,NA,0,0,1400,1700
2043,malo,2,alquila,36,29,soltero,sí,freelance,35,NA,0,0,1000,1600
818,malo,1,propietario,60,37,casado,no,freelance,60,200,9000,0,1400,1493
763,malo,0,otra,36,36,casado,sí,freelance,45,300,30000,0,3000,6802
698,bueno,2,propietario,24,49,soltero,no,freelance,35,150,32000,0,800,816
2272,bueno,5,propietario,36,46,casado,no,freelance,60,100,4000,0,1100,1897
4003,malo,0,padres,60,33,casado,sí,freelance,60,NA,0,0,2000,2235
4446,bueno,23,propietario,60,50,casado,sí,freelance,90,69,NA,0,1450,1510
2936,bueno,15,propietario,60,32,divorciado,no,freelance,35,NA,6000,3300,1550,1612
1309,bueno,6,padres,60,43,casado,no,freelance,75,70,4000,0,1000,1548
940,malo,3,otra,48,38,casado,no,freelance,75,40,3500,0,600,882
1965,malo,0,otra,60,40,casado,no,freelance,75,NA,0,0,1200,1380
3416,malo,6,propietario,36,32,casado,sí,freelance,60,149,8000,3000,950,950
4368,malo,8,padres,60,38,casado,no,freelance,60,NA,0,0,1300,1480
3206,bueno,15,propietario,36,45,casado,no,freelance,60,214,8000,0,1400,1500
37,bueno,10,propietario,24,56,casado,no,freelance,45,208,13500,0,500,1560
1743,malo,8,otra,36,30,casado,sí,freelance,75,100,4000,1365,1220,1745
1055,bueno,2,alquila,12,34,casado,no,freelance,69,240,0,0,500,700
1011,bueno,0,propietario,60,57,casado,no,freelance,45,200,3500,0,950,1070
3096,malo,4,alquila,60,58,casado,sí,freelance,60,NA,0,0,900,2906
3992,malo,0,propietario,36,42,casado,no,freelance,60,NA,5000,0,1350,1850
163,bueno,3,propietario,36,36,soltero,sí,freelance,35,394,16000,0,1500,2260
541,bueno,5,alquila,36,30,casado,no,freelance,101,260,0,0,1000,1500
3478,bueno,6,alquila,36,45,casado,no,freelance,90,NA,0,0,600,1114
11,bueno,6,propietario,48,34,casado,no,freelance,60,125,4000,0,1150,1577
752,bueno,40,propietario,24,62,casado,no,freelance,60,130,15000,0,250,758
2296,bueno,15,propietario,36,55,casado,no,freelance,75,70,14000,600,600,850
2632,malo,1,propietario,60,36,casado,sí,freelance,45,NA,4000,2000,1500,1743
2249,bueno,7,padres,60,27,casado,no,freelance,45,71,0,0,1500,1800
3374,bueno,9,propietario,12,30,casado,sí,freelance,60,93,6500,2235,500,1550
757,bueno,1,propietario,48,30,casado,no,freelance,60,30,4000,0,900,1700
3641,bueno,4,propietario,48,35,casado,no,freelance,60,NA,8000,0,1000,1613
120,bueno,3,privado,48,39,separado,no,freelance,35,250,4000,1500,700,839
2635,malo,1,propietario,36,38,casado,no,freelance,90,49,7000,300,1200,1619
2494,bueno,15,propietario,48,57,casado,no,freelance,35,212,65000,0,1300,1852
3382,bueno,0,alquila,60,44,casado,no,freelance,45,NA,6000,0,1600,1725
4015,bueno,20,privado,60,59,casado,no,freelance,35,81,18000,0,1200,1349
1544,malo,10,propietario,36,43,casado,no,freelance,60,NA,4500,0,1000,1905
1248,bueno,17,propietario,24,55,casado,no,freelance,75,191,14000,0,1000,2420
2737,bueno,15,propietario,24,64,casado,sí,freelance,75,500,29500,3500,800,1081
221,bueno,2,privado,60,46,casado,no,freelance,105,200,4000,500,900,987
238,bueno,10,propietario,48,49,casado,no,freelance,45,150,9000,0,1700,1700
2983,malo,5,propietario,36,35,separado,no,freelance,45,NA,2000,0,750,975
3517,malo,4,padres,36,26,soltero,sí,freelance,35,65,3500,0,1300,1475
620,bueno,2,alquila,48,19,soltero,no,freelance,60,246,20500,0,1370,1371
1235,bueno,2,propietario,48,40,casado,no,freelance,60,160,3000,800,1300,1521
153,bueno,27,propietario,60,59,casado,no,freelance,45,NA,11000,0,1100,1300
1314,malo,2,alquila,60,36,separado,sí,freelance,35,NA,0,0,2000,2676
2536,bueno,11,propietario,48,41,casado,sí,freelance,45,280,4000,1300,1000,1350
2441,bueno,1,padres,60,30,casado,no,freelance,60,93,0,0,1600,1647
2537,bueno,12,propietario,60,45,casado,no,freelance,35,75,4000,0,1000,1100
2469,malo,16,alquila,60,40,casado,no,freelance,82,71,0,0,2000,2250
2421,malo,5,alquila,60,40,casado,sí,freelance,54,89,0,0,1200,1457
921,bueno,10,propietario,60,46,casado,sí,freelance,75,800,25000,2050,2600,3190
331,bueno,5,propietario,48,40,casado,no,freelance,75,145,6000,0,825,1617
3592,bueno,2,padres,60,24,soltero,no,freelance,35,214,7000,2400,2000,2570
2954,bueno,21,propietario,36,50,divorciado,no,freelance,35,NA,80000,0,1250,1423
2927,bueno,8,privado,36,33,casado,no,freelance,45,NA,5100,0,600,1124
2291,bueno,20,propietario,6,59,casado,no,freelance,60,NA,NA,0,500,1402
1794,bueno,6,propietario,48,53,casado,no,freelance,45,90,3500,0,900,1281
2909,bueno,12,privado,12,41,casado,no,freelance,75,111,20000,0,1200,2130
2284,malo,2,padres,48,28,separado,no,freelance,35,140,0,0,1000,1100
1208,malo,3,propietario,36,26,soltero,no,freelance,35,NA,60000,3000,800,1000
2849,bueno,6,padres,12,27,soltero,no,freelance,35,129,0,0,400,1777
1303,bueno,28,propietario,24,59,casado,no,freelance,60,606,6000,0,1550,1760
1217,malo,2,alquila,60,30,casado,sí,freelance,54,90,2000,0,1500,1500
3245,malo,6,propietario,48,39,casado,no,freelance,75,NA,6000,0,1000,1177
4440,bueno,20,propietario,60,38,casado,no,freelance,60,NA,15000,0,1000,1638
2730,bueno,9,propietario,24,40,casado,no,freelance,60,NA,5000,0,500,1490
1960,malo,0,propietario,24,54,casado,sí,freelance,45,185,60000,0,1400,1640
2726,bueno,6,propietario,36,47,casado,no,freelance,60,35,10000,0,1200,1974
3874,bueno,10,alquila,36,36,divorciado,no,freelance,45,100,0,0,1000,1700
2057,bueno,7,propietario,60,44,casado,no,freelance,90,190,10000,0,1350,1527
2584,bueno,4,padres,60,27,casado,no,freelance,35,NA,0,0,1050,1214
2295,malo,5,propietario,60,39,casado,sí,freelance,90,152,6000,0,1250,1600
910,bueno,15,otra,36,38,casado,sí,freelance,90,200,6000,0,1550,1982
3923,malo,1,padres,60,22,soltero,no,freelance,35,78,3500,0,2275,2300
286,bueno,20,propietario,48,58,casado,no,freelance,60,380,35000,0,1100,1150
161,bueno,4,propietario,30,47,casado,no,freelance,90,210,15000,0,1550,1578
1152,bueno,5,propietario,48,43,casado,no,freelance,45,145,5000,0,680,1350
2826,bueno,10,padres,36,28,casado,no,freelance,45,230,0,0,1700,2300
1520,bueno,20,propietario,36,41,casado,no,freelance,90,250,13500,0,1900,2200
4333,malo,0,alquila,36,41,casado,no,freelance,35,NA,0,0,800,1250
1579,bueno,35,propietario,36,59,casado,no,freelance,60,125,6000,0,500,1389
942,malo,0,alquila,24,29,casado,no,freelance,60,NA,0,0,275,275
906,bueno,15,propietario,60,55,casado,no,freelance,60,NA,6500,3650,1200,1710
312,malo,10,propietario,36,39,casado,sí,freelance,75,160,15000,0,3250,3750
297,malo,19,propietario,60,47,casado,sí,freelance,90,166,12500,1000,875,875
487,bueno,20,propietario,54,59,casado,no,freelance,60,87,3500,0,500,984
3677,bueno,5,propietario,24,38,casado,no,freelance,60,182,5000,0,1250,2724
4168,malo,5,propietario,36,59,casado,no,freelance,35,NA,NA,0,700,1100
1746,bueno,15,propietario,60,39,separado,no,freelance,45,54,7000,0,1500,2230
2166,bueno,25,propietario,24,54,casado,no,freelance,75,215,15000,0,1500,2070
744,bueno,9,propietario,60,30,casado,no,freelance,60,166,4000,1500,1350,1570
2882,malo,3,alquila,60,34,casado,no,freelance,45,NA,0,0,1000,1625
1979,malo,4,padres,36,24,soltero,no,freelance,35,NA,0,0,1500,4500
3770,bueno,2,propietario,60,28,casado,no,freelance,35,196,7000,3950,1600,1678
672,malo,15,propietario,36,49,casado,no,freelance,75,70,3572,1728,1650,2755
77,bueno,14,propietario,12,37,casado,no,freelance,90,500,4000,0,500,1338
644,bueno,15,propietario,48,30,casado,no,freelance,75,100,27000,5000,900,900
2676,malo,30,propietario,60,61,casado,sí,freelance,35,NA,60000,0,950,1015
886,malo,1,padres,60,20,soltero,no,freelance,35,113,13000,0,1500,2179
4436,malo,3,alquila,48,26,casado,sí,freelance,45,NA,0,0,1400,1704
433,bueno,3,alquila,48,60,viudo,no,freelance,54,186,0,0,850,1036
1423,bueno,28,padres,24,44,casado,no,freelance,90,180,0,0,450,1472
1064,bueno,3,propietario,24,46,casado,no,freelance,75,500,14000,0,500,1095
629,bueno,15,alquila,60,55,casado,no,freelance,74,140,0,0,1000,1204
953,bueno,11,propietario,60,38,casado,no,freelance,60,350,7500,0,1500,1800
4097,bueno,25,propietario,60,50,casado,sí,freelance,75,314,10000,0,1350,1417
4281,malo,3,alquila,60,30,casado,no,freelance,45,NA,0,0,1150,1395
3458,malo,3,propietario,60,22,soltero,sí,freelance,35,178,9000,3000,1500,1528
3473,bueno,1,propietario,18,40,casado,no,freelance,45,NA,5000,0,300,1272
144,bueno,40,propietario,36,58,casado,no,freelance,75,NA,50000,0,1000,1160
4198,malo,10,propietario,48,50,separado,no,freelance,35,NA,80000,0,1800,2038
2363,bueno,10,propietario,48,34,casado,no,freelance,75,200,19000,0,750,1590
3088,bueno,0,padres,12,24,soltero,no,freelance,35,85,0,0,240,240
1659,bueno,10,propietario,60,40,casado,no,freelance,90,301,2000,0,1100,1835
2997,bueno,15,propietario,48,29,casado,no,freelance,45,176,16200,0,1400,2475
555,bueno,5,propietario,48,65,casado,no,freelance,75,80,30000,2000,700,1698
3219,bueno,13,alquila,60,31,divorciado,sí,freelance,41,55,0,0,1350,1428
4223,malo,15,propietario,24,47,casado,sí,freelance,45,NA,5000,0,250,500
3958,bueno,3,propietario,48,25,casado,no,freelance,35,107,4500,1900,1000,1250
2735,bueno,10,propietario,60,33,casado,no,freelance,45,150,13000,0,1500,2738
699,malo,4,propietario,48,27,casado,no,freelance,75,NA,3000,2000,900,1150
143,bueno,15,propietario,24,54,casado,no,freelance,90,350,150000,0,3800,8800
2695,bueno,6,propietario,60,33,casado,no,freelance,60,NA,11000,450,1350,2006
3931,bueno,20,propietario,12,48,separado,no,freelance,75,300,18000,0,760,1369
3736,bueno,1,privado,60,27,casado,no,freelance,35,130,4650,2850,2000,2240
1486,bueno,10,propietario,24,63,casado,no,freelance,60,107,17000,0,800,1472
2713,bueno,25,propietario,60,63,casado,no,freelance,60,70,10000,0,700,925
2503,bueno,7,alquila,60,40,casado,sí,freelance,76,164,3000,0,800,1032
538,bueno,7,propietario,36,39,casado,no,freelance,75,205,4000,0,1300,1439
4316,bueno,3,alquila,60,31,casado,no,freelance,70,102,0,0,1100,1305
2006,malo,0,otra,36,49,casado,sí,freelance,60,NA,0,0,1000,1800
3204,bueno,2,propietario,24,47,casado,sí,freelance,35,95,7000,0,800,2333
2657,bueno,5,alquila,48,36,casado,sí,freelance,72,120,100000,0,775,950
3493,bueno,9,propietario,48,47,casado,no,freelance,35,183,45000,1700,3000,3690
2022,bueno,0,padres,36,27,casado,no,freelance,60,NA,0,0,600,900
4288,malo,10,alquila,36,35,soltero,no,freelance,40,50,NA,NA,500,1050
2069,bueno,6,otra,12,60,casado,no,freelance,90,700,28000,0,1350,1612
836,bueno,20,alquila,60,52,casado,no,freelance,70,250,4100,0,1200,1226
2577,malo,5,alquila,60,42,casado,sí,freelance,113,83,0,0,1530,1530
1663,malo,14,alquila,60,46,casado,no,freelance,48,25,0,0,1700,2210
1227,bueno,6,propietario,24,45,casado,no,freelance,90,150,5000,0,250,450
3887,bueno,10,propietario,12,36,casado,no,freelance,45,NA,4000,0,900,1776
1135,bueno,2,padres,60,25,soltero,no,freelance,45,130,8500,0,1100,1380
1464,bueno,1,otra,36,28,soltero,no,freelance,35,100,0,0,1950,2074
1234,malo,3,alquila,18,30,casado,no,freelance,54,90,0,0,300,425
1639,bueno,30,propietario,24,57,casado,no,freelance,45,40,17000,0,400,500
708,malo,0,propietario,24,47,separado,no,freelance,35,NA,20000,4000,900,1100
3254,bueno,20,propietario,48,53,casado,no,freelance,60,83,7500,0,1200,1797
56,malo,1,alquila,48,29,casado,sí,freelance,85,100,0,0,1000,1345
492,bueno,7,propietario,60,48,casado,no,freelance,60,155,4500,0,1400,1500
964,bueno,20,otra,12,65,casado,sí,freelance,45,430,70000,0,1000,1321
168,malo,5,propietario,36,32,casado,no,freelance,75,125,6000,0,600,700
3624,bueno,4,propietario,36,38,casado,no,freelance,35,142,4000,0,800,970
2723,malo,10,alquila,24,36,casado,no,freelance,60,NA,0,0,240,240
2464,bueno,25,propietario,60,63,casado,sí,freelance,60,60,47500,3360,1000,1162
3744,malo,2,privado,24,20,soltero,no,freelance,35,107,54000,0,2000,2600
1598,bueno,3,propietario,36,36,casado,no,freelance,75,NA,4000,0,1000,1818
2373,bueno,7,propietario,12,51,casado,no,freelance,75,120,5000,0,250,375
617,bueno,1,propietario,48,45,casado,no,freelance,90,250,4000,0,1700,1800
4271,malo,0,padres,48,26,soltero,sí,freelance,35,101,0,0,1500,1703
