id,plazo,edad,estadocivil,registros
3299,36,26,casado,no
426,36,22,soltero,sí
1558,60,50,casado,no
3660,36,24,casado,no
864,48,39,casado,no
3273,30,37,casado,no
2857,6,28,soltero,no
1990,60,31,casado,no
1489,24,22,soltero,no
799,60,43,casado,no
33,24,51,casado,no
4312,36,45,separado,sí
2435,48,24,soltero,no
4064,48,49,viudo,sí
3070,60,22,soltero,no
1766,60,41,casado,no
1240,60,49,casado,no
3062,36,30,casado,no
2623,60,47,separado,no
604,24,50,casado,no
3429,60,30,casado,no
2863,36,34,soltero,no
1490,60,40,casado,no
2679,18,21,soltero,sí
2395,24,26,soltero,no
665,60,53,casado,no
4232,48,39,soltero,no
3713,36,55,casado,sí
2678,36,26,casado,no
1728,60,37,casado,no
4204,60,29,casado,no
985,36,43,viudo,no
204,24,52,casado,no
3586,12,26,soltero,no
174,60,28,casado,no
2568,36,22,soltero,no
1219,36,48,casado,no
1792,6,50,casado,sí
3494,60,21,soltero,no
3738,24,33,soltero,no
2643,24,31,casado,no
2182,60,64,casado,no
1892,60,54,casado,no
819,36,45,casado,no
1290,60,46,casado,sí
965,60,32,casado,no
1623,36,43,casado,no
3462,36,27,casado,no
2541,60,41,casado,no
3141,36,23,soltero,no
3276,48,38,casado,sí
2616,48,31,casado,no
3746,36,60,casado,no
196,60,57,casado,no
3163,18,32,casado,sí
3253,48,58,casado,no
590,48,48,casado,sí
1339,60,25,soltero,no
446,36,37,divorciado,no
1041,36,29,soltero,no
622,36,56,casado,sí
1828,60,38,casado,no
1436,48,26,casado,no
1255,60,37,casado,no
3986,60,20,soltero,no
1824,24,32,casado,no
3086,60,21,soltero,no
2038,24,53,casado,sí
1320,36,45,separado,no
106,24,33,casado,no
1622,36,18,soltero,no
3765,36,26,soltero,no
1904,60,51,soltero,no
4443,60,31,separado,no
4265,30,53,soltero,no
4098,60,21,soltero,no
930,48,46,casado,no
578,60,47,casado,no
4174,60,23,soltero,no
1640,24,42,casado,no
3623,30,51,casado,no
3014,60,26,soltero,no
3691,36,45,casado,sí
2547,24,42,casado,sí
253,60,24,casado,no
109,60,27,casado,no
4309,60,23,soltero,no
1382,60,43,casado,sí
841,36,39,casado,no
3702,60,22,soltero,no
1045,60,34,casado,sí
612,60,33,casado,no
3110,36,38,casado,sí
2136,60,32,casado,no
3413,12,58,viudo,sí
608,60,34,casado,sí
2786,24,29,soltero,no
3577,60,54,casado,no
2659,60,39,casado,no
2530,48,47,casado,no
2855,60,31,casado,sí
2769,36,28,casado,no
3144,48,57,casado,sí
3403,60,38,casado,no
1830,60,41,casado,no
338,48,38,casado,no
2309,60,29,casado,sí
2141,60,56,casado,no
4341,48,26,soltero,no
2228,30,20,soltero,no
2699,48,25,casado,no
3360,48,55,casado,sí
2519,48,58,casado,no
1543,24,27,casado,no
2341,60,33,viudo,no
3877,60,32,casado,no
673,60,34,casado,sí
2479,60,33,casado,no
480,60,38,casado,no
3692,36,20,soltero,no
3257,24,33,soltero,no
3390,36,58,casado,no
509,60,30,casado,no
97,36,46,casado,no
577,36,24,casado,sí
2831,60,40,casado,sí
3728,6,41,casado,no
2403,12,22,casado,no
2557,36,49,casado,no
1601,48,39,casado,sí
2349,48,34,casado,no
2768,60,31,soltero,no
293,36,42,casado,no
1645,24,35,casado,sí
2085,60,49,casado,no
113,60,51,casado,no
2258,60,28,casado,no
2232,48,59,casado,no
3292,36,28,soltero,sí
1141,60,49,casado,no
738,24,19,soltero,no
4273,48,32,casado,no
2986,60,43,casado,no
1245,60,30,casado,no
1168,60,41,casado,sí
831,48,30,casado,no
3799,36,35,separado,no
1691,60,38,soltero,no
4216,36,20,soltero,no
739,60,32,casado,no
1790,12,47,casado,no
2326,48,32,casado,no
1005,48,32,casado,sí
583,36,45,casado,no
249,60,26,soltero,no
4324,36,19,soltero,no
3279,48,54,casado,no
2317,12,28,casado,no
4405,60,25,casado,no
1725,24,26,soltero,no
1751,48,21,soltero,no
645,60,32,casado,no
4019,48,39,casado,sí
892,36,26,soltero,no
4112,60,28,casado,no
169,48,26,soltero,no
1391,36,27,casado,no
3015,24,47,casado,no
27,60,43,soltero,no
156,24,30,casado,no
3250,60,34,casado,sí
884,60,24,casado,no
3319,60,37,NA,sí
4014,24,18,soltero,no
3024,36,27,casado,no
2023,6,27,casado,no
1040,60,36,casado,sí
4101,60,30,casado,no
2414,60,41,casado,no
3937,36,26,casado,no
3038,48,63,casado,no
2656,60,24,soltero,no
3595,60,37,casado,no
2140,24,55,casado,no
543,48,31,casado,no
529,18,27,casado,no
1024,60,37,casado,sí
281,60,39,casado,no
4391,36,36,casado,sí
4314,48,29,soltero,no
1194,60,22,soltero,no
3748,60,30,casado,sí
3751,48,38,casado,no
3185,42,41,casado,no
1128,60,65,casado,no
3008,36,49,casado,no
2117,48,32,casado,no
4142,60,52,casado,no
2433,24,40,casado,no
1154,12,51,casado,no
1311,48,41,separado,no
4371,60,45,casado,no
1147,36,35,soltero,no
1617,36,24,casado,no
2987,36,43,casado,no
1233,60,61,casado,sí
2244,60,27,casado,no
3759,48,38,casado,sí
1018,60,26,soltero,no
2056,36,43,casado,no
90,60,62,casado,no
4410,60,52,casado,no
2437,48,54,casado,no
1737,60,37,casado,no
386,60,33,casado,no
1888,36,26,casado,no
994,6,31,casado,no
800,36,21,soltero,no
99,36,51,casado,no
1883,60,33,casado,sí
1173,6,28,casado,no
589,48,19,soltero,no
554,48,45,casado,no
935,60,33,casado,no
1146,60,27,casado,no
1428,60,44,casado,no
1934,60,28,casado,no
1928,24,53,casado,no
650,54,23,casado,no
1197,60,47,casado,no
3865,60,43,soltero,no
43,60,61,viudo,no
3820,60,24,soltero,no
709,48,31,casado,no
1081,36,21,soltero,no
2332,48,31,soltero,no
3221,48,33,casado,no
4203,60,22,soltero,no
2505,18,25,casado,sí
3719,60,43,casado,no
4318,60,30,casado,no
2400,60,50,soltero,no
1534,60,52,casado,no
363,60,21,soltero,no
4356,24,40,casado,no
2700,60,32,casado,sí
2559,60,38,casado,no
1796,48,19,soltero,no
2600,60,31,casado,no
2097,18,20,soltero,no
421,36,31,casado,no
1484,36,36,soltero,no
1655,36,28,casado,sí
1577,36,48,casado,no
4346,12,30,casado,no
3840,24,20,soltero,no
4040,60,39,casado,sí
1545,48,60,casado,no
1682,24,45,separado,no
2630,6,34,casado,no
1140,48,35,casado,no
3006,60,28,soltero,no
1535,60,39,casado,no
597,60,52,casado,no
4229,60,22,casado,sí
647,60,24,casado,no
159,60,22,soltero,no
1582,60,30,casado,no
1404,18,28,casado,no
3685,60,22,casado,no
989,60,27,viudo,sí
2871,60,32,casado,no
2703,36,37,casado,no
4384,48,22,soltero,sí
1923,48,50,soltero,no
3830,48,51,casado,no
979,60,28,casado,no
4024,36,25,soltero,no
1445,36,34,casado,no
1281,24,21,soltero,no
3637,60,41,casado,no
1096,36,34,separado,no
1815,48,31,casado,no
1210,60,42,soltero,no
3593,48,35,casado,no
857,60,26,casado,no
1705,36,20,soltero,no
2339,60,25,soltero,no
232,60,49,casado,sí
1593,60,21,soltero,no
2168,36,56,casado,no
724,60,24,casado,no
2794,60,21,soltero,no
1611,36,28,soltero,no
3519,18,29,casado,no
2816,36,61,casado,no
2507,60,22,casado,no
2670,36,46,casado,no
3081,60,23,casado,no
1125,36,26,soltero,no
3959,36,32,casado,no
1806,18,33,casado,no
447,60,20,casado,no
947,48,29,casado,sí
4048,48,35,casado,no
1525,48,35,separado,no
262,60,39,casado,no
2683,6,37,separado,sí
1723,12,49,casado,no
266,36,45,casado,no
2076,24,30,casado,sí
2884,60,32,casado,no
559,36,28,casado,sí
1142,60,35,soltero,no
3673,24,40,casado,no
1239,36,23,casado,no
4147,60,49,casado,no
3983,18,46,casado,sí
1316,60,49,casado,no
2633,48,40,casado,sí
3117,48,35,casado,no
1332,12,55,casado,no
607,48,35,casado,sí
1015,48,40,casado,no
2202,48,26,casado,no
3529,60,36,casado,sí
3308,36,28,casado,no
3869,48,61,casado,no
3968,24,52,casado,no
3143,60,30,casado,no
105,48,23,soltero,no
283,48,55,viudo,no
368,18,33,casado,no
3176,30,52,casado,sí
64,24,40,casado,no
1802,24,21,soltero,no
3609,36,55,casado,no
3731,60,25,casado,no
3772,60,45,casado,no
1845,24,31,separado,no
1605,36,38,casado,sí
1402,60,24,casado,no
2424,60,52,casado,no
3084,60,20,casado,no
3242,36,53,casado,no
2192,48,32,casado,no
4326,30,28,soltero,no
880,60,32,casado,no
1444,60,36,casado,no
3107,36,47,casado,no
2094,60,31,casado,sí
1588,36,37,casado,sí
3753,60,40,divorciado,no
2449,48,53,casado,no
500,60,31,soltero,no
2390,60,39,casado,no
1653,48,26,soltero,no
1129,60,56,casado,sí
3579,18,28,casado,no
1003,60,48,casado,no
2553,36,24,soltero,no
2515,60,20,soltero,no
2064,60,33,casado,no
2965,24,35,casado,no
4429,60,26,casado,no
2720,48,50,casado,no
1565,60,34,casado,no
3318,36,29,casado,no
2405,36,31,separado,no
3574,60,26,soltero,no
2952,48,26,casado,no
3622,60,32,casado,no
1983,60,23,soltero,no
2956,36,63,casado,no
3047,60,28,casado,no
3978,6,38,casado,no
2892,48,39,casado,no
3670,36,49,casado,no
4251,60,38,casado,no
1870,36,50,casado,sí
347,48,40,casado,no
2850,36,29,soltero,no
3614,48,28,soltero,no
2488,60,47,casado,no
2790,36,40,viudo,no
3030,60,23,casado,no
2344,18,39,casado,no
1831,36,61,casado,no
2825,60,35,casado,sí
733,48,43,casado,no
3911,60,43,casado,no
4094,60,43,casado,no
2115,48,47,casado,no
3921,60,35,casado,no
2007,36,51,casado,sí
46,60,26,soltero,no
511,36,54,casado,no
1551,30,59,casado,no
576,24,26,casado,sí
102,60,33,casado,no
4122,36,34,casado,no
3963,48,24,soltero,no
1592,48,26,casado,no
1703,36,38,separado,no
803,24,40,casado,no
3907,60,43,casado,no
553,24,60,casado,no
707,60,35,casado,no
3531,48,61,casado,no
3895,60,29,casado,sí
1509,60,54,casado,no
141,60,42,separado,sí
2757,48,29,casado,no
2061,60,27,casado,no
149,24,29,soltero,no
4084,60,51,casado,no
236,18,40,casado,no
3576,60,52,casado,no
4222,48,30,soltero,no
4163,60,63,viudo,no
2044,60,31,casado,no
3837,60,24,casado,no
2615,60,42,viudo,no
2705,60,25,casado,no
1030,12,34,casado,no
1268,12,32,casado,no
901,60,26,casado,no
860,60,46,soltero,no
3069,36,59,casado,no
4387,36,31,soltero,no
3894,18,33,soltero,no
1412,36,40,casado,no
3425,48,31,casado,no
2736,36,22,soltero,no
3927,36,45,casado,sí
3708,36,38,casado,no
2205,60,28,casado,sí
2104,60,23,casado,no
3341,60,23,soltero,no
3854,60,31,casado,no
2738,48,46,divorciado,no
925,60,29,casado,no
3540,60,26,soltero,sí
3794,60,47,casado,sí
1220,60,29,casado,sí
1500,48,26,soltero,no
2246,60,46,casado,sí
4050,60,43,casado,sí
438,48,27,casado,no
3369,48,40,casado,no
2374,36,29,casado,no
1270,48,23,soltero,no
967,36,25,casado,sí
108,60,28,casado,no
4323,60,56,casado,no
3980,24,24,soltero,no
791,24,46,casado,no
2170,18,50,casado,no
1485,36,26,casado,no
565,60,33,soltero,no
179,60,53,casado,sí
3787,60,42,casado,no
3042,60,48,casado,no
3798,60,33,casado,no
3960,60,34,casado,sí
2288,12,53,casado,no
3510,30,39,casado,no
2087,60,36,casado,no
4267,48,20,soltero,no
1017,60,39,soltero,sí
3399,60,21,soltero,no
407,60,36,casado,no
1499,60,24,casado,no
2998,24,42,casado,sí
3433,60,42,casado,no
2184,60,40,casado,no
1984,48,48,casado,no
2083,30,22,soltero,no
3003,12,60,casado,no
2592,24,32,casado,no
1363,12,28,casado,no
69,60,53,casado,no
593,36,30,casado,no
833,24,33,casado,no
350,48,49,casado,no
3007,36,29,soltero,no
477,60,23,soltero,no
475,36,41,casado,no
3913,36,18,soltero,sí
67,18,34,casado,no
702,12,28,soltero,no
3881,24,32,casado,no
3578,60,48,casado,no
2461,60,46,casado,no
1581,60,21,casado,no
1589,60,27,casado,no
3809,36,24,soltero,no
1393,42,24,soltero,no
4274,60,35,soltero,sí
1757,48,59,casado,no
1681,60,58,casado,sí
3572,60,58,casado,no
3040,48,53,casado,no
2099,48,41,casado,sí
792,48,19,soltero,no
2367,18,24,casado,no
2209,60,25,casado,no
2967,60,26,casado,no
4127,48,37,casado,no
3504,60,43,casado,sí
390,48,23,soltero,no
2925,36,48,casado,no
430,60,43,casado,no
2889,36,45,casado,no
3172,60,31,casado,no
1213,60,38,separado,no
655,60,43,soltero,no
3445,60,38,casado,sí
2328,42,35,casado,no
934,60,39,soltero,no
1514,60,30,casado,no
591,60,46,casado,no
1612,60,26,casado,no
466,60,42,casado,sí
1378,36,44,casado,no
47,60,49,viudo,no
1062,48,53,separado,sí
62,48,31,casado,no
4220,48,54,viudo,no
4149,36,31,separado,no
651,60,22,soltero,no
945,36,32,casado,no
1997,42,38,casado,no
2627,36,49,casado,no
2803,24,21,soltero,no
3368,60,34,soltero,no
3981,48,36,casado,no
1027,36,35,casado,sí
826,36,37,casado,no
2771,48,37,casado,no
3168,60,33,casado,no
4113,24,40,casado,no
2880,60,20,soltero,no
3598,48,22,soltero,no
3350,24,39,soltero,sí
1471,60,27,casado,no
4060,12,49,casado,no
2431,48,48,casado,sí
200,60,52,casado,no
3320,60,35,casado,no
3676,48,48,casado,no
2764,60,46,casado,no
4080,48,34,casado,no
1875,24,46,casado,no
2474,48,28,casado,sí
2899,48,23,casado,no
2381,60,54,casado,no
4224,60,42,casado,no
4363,36,61,casado,no
241,24,49,casado,no
1287,60,48,separado,sí
2248,60,60,casado,sí
2116,60,53,casado,no
4389,60,34,casado,sí
2781,6,52,casado,sí
223,60,34,casado,no
992,36,42,casado,sí
3145,36,40,casado,no
467,60,46,separado,no
4002,60,40,casado,no
1074,60,41,casado,no
1395,48,38,casado,no
1863,60,28,casado,no
3838,48,37,casado,sí
2231,36,38,casado,no
2793,60,35,casado,sí
3150,48,51,casado,no
1095,24,57,casado,no
2941,60,45,casado,no
1977,60,43,casado,no
1971,60,34,casado,no
1112,60,33,soltero,no
2013,36,32,casado,no
1354,36,22,soltero,no
1085,36,25,soltero,no
2920,60,50,casado,no
2922,60,41,casado,no
808,36,39,casado,no
3055,60,64,viudo,no
766,36,47,casado,no
2914,48,36,casado,no
2270,48,50,casado,no
2306,60,53,casado,no
3664,36,23,soltero,no
3166,48,23,casado,no
827,36,36,soltero,no
1230,48,29,soltero,no
1903,36,24,casado,no
2175,60,24,casado,no
807,24,41,casado,sí
3912,60,25,soltero,sí
2484,48,39,casado,no
3156,48,31,casado,no
1447,60,25,soltero,no
2625,24,41,casado,no
3142,60,25,soltero,sí
494,60,28,casado,no
1642,48,31,casado,no
318,60,38,casado,no
4209,60,33,casado,no
1127,48,27,casado,no
1559,36,37,casado,sí
1692,48,50,casado,no
2809,36,33,separado,sí
2813,36,26,casado,no
3417,12,40,casado,no
4207,36,31,casado,no
937,24,59,viudo,no
2354,60,32,casado,no
2766,60,28,casado,no
3046,60,24,soltero,no
749,60,24,soltero,no
465,60,34,casado,no
335,60,25,soltero,no
1114,60,34,soltero,no
1993,36,35,casado,no
3974,60,44,casado,no
2722,48,45,casado,no
1176,48,30,soltero,no
2009,60,42,casado,no
3346,24,21,soltero,no
3786,60,24,soltero,no
2933,48,28,casado,sí
4435,60,31,casado,no
233,24,40,casado,sí
60,24,55,casado,no
4026,60,35,casado,no
2106,60,39,casado,no
2893,18,38,casado,sí
1088,6,24,soltero,no
3675,60,32,casado,no
1835,60,23,soltero,no
2571,60,40,casado,no
762,48,25,soltero,no
875,24,40,casado,sí
2014,48,40,casado,no
117,36,40,casado,sí
2415,60,38,casado,no
2146,60,25,casado,no
1573,60,44,casado,no
1524,48,42,casado,no
3113,36,31,casado,no
2698,30,27,casado,no
4039,36,41,casado,no
155,60,23,soltero,no
2501,36,49,casado,no
370,48,38,casado,no
2604,60,51,casado,no
1687,60,38,casado,sí
1799,60,33,casado,no
2760,60,41,casado,no
2901,36,52,casado,no
2426,60,30,casado,no
1836,24,52,casado,no
3530,48,28,casado,no
2999,12,31,soltero,sí
4175,60,42,casado,no
2663,60,32,casado,no
2018,60,32,separado,no
1518,60,37,casado,no
3929,36,31,casado,no
203,60,56,casado,sí
4308,60,20,soltero,no
3422,48,46,casado,no
2496,30,45,casado,no
2581,48,24,soltero,no
1242,36,26,soltero,no
991,60,35,casado,no
1641,60,39,casado,sí
2093,12,27,casado,no
373,36,34,casado,no
3184,36,42,casado,no
3465,60,35,casado,sí
3140,60,27,casado,no
1731,60,33,casado,no
684,36,44,casado,sí
634,36,39,casado,no
2512,24,32,casado,no
1981,60,26,soltero,sí
4058,60,58,casado,no
1406,24,44,casado,no
358,60,32,casado,no
3043,60,50,soltero,no
2932,60,33,casado,no
3832,60,23,soltero,no
1953,6,49,casado,sí
1546,60,32,casado,no
1156,60,22,soltero,no
1340,24,44,casado,no
5,36,26,soltero,no
1808,48,45,casado,no
1749,48,43,casado,no
391,12,34,casado,no
2951,48,50,casado,sí
2701,24,51,casado,no
3533,48,23,soltero,no
356,60,42,casado,sí
2641,36,31,casado,no
4211,48,26,casado,no
3269,60,59,casado,no
1180,48,22,soltero,no
3249,60,25,casado,no
1715,60,26,soltero,no
1533,24,19,soltero,no
688,60,32,casado,no
3690,36,52,casado,no
2629,48,44,casado,no
3668,60,31,casado,no
2201,60,60,casado,no
4118,60,61,casado,sí
2866,48,42,casado,no
2242,48,22,soltero,no
835,24,41,casado,no
432,48,59,casado,sí
3851,18,65,casado,sí
924,60,23,soltero,no
3229,24,59,soltero,no
4162,12,45,casado,no
190,24,30,soltero,sí
4390,48,20,soltero,no
879,60,55,casado,no
1049,36,24,casado,no
929,48,52,casado,no
2556,60,42,casado,no
2055,60,38,casado,no
2039,24,40,casado,no
3393,60,64,casado,no
3009,60,23,soltero,no
2282,24,23,soltero,sí
3181,18,45,casado,sí
1388,42,24,soltero,sí
3214,60,40,casado,sí
1922,60,26,casado,no
865,60,33,casado,sí
1720,12,39,casado,no
1411,42,25,casado,no
2799,24,52,casado,no
3075,60,28,soltero,no
1193,60,53,casado,no
1693,60,65,casado,no
2580,24,20,soltero,no
1602,24,59,casado,no
1494,48,22,soltero,no
74,36,31,casado,sí
3436,48,53,separado,sí
1657,60,27,casado,sí
3569,60,35,casado,no
3584,48,60,casado,no
2222,18,24,soltero,no
4432,60,36,casado,sí
1337,24,26,casado,no
2237,48,46,casado,no
3207,48,29,casado,no
1684,36,49,casado,no
4400,60,25,soltero,no
2322,36,26,casado,no
1531,60,43,casado,no
2169,60,33,casado,no
2594,48,27,soltero,sí
4366,48,24,casado,sí
3836,36,31,casado,no
4219,12,32,casado,sí
3626,48,27,soltero,no
4307,36,56,casado,no
795,36,42,casado,no
3917,36,20,soltero,no
4217,48,23,soltero,no
3497,48,27,separado,no
3654,60,42,casado,sí
3629,60,22,soltero,sí
2080,48,34,casado,no
3372,48,46,casado,no
4378,36,29,soltero,sí
2331,24,51,casado,sí
3451,36,55,casado,no
353,60,25,casado,no
557,60,40,separado,no
703,60,27,casado,no
3149,60,34,casado,no
4180,48,28,soltero,no
2137,60,32,casado,no
4210,36,21,soltero,no
2620,60,50,casado,no
670,60,43,casado,sí
704,48,47,soltero,no
2095,36,48,casado,no
2981,48,47,casado,no
3231,24,31,casado,no
1385,48,30,casado,no
784,60,25,casado,no
2614,48,35,casado,no
188,60,31,casado,no
2888,36,37,casado,no
1098,24,46,soltero,sí
926,36,29,soltero,no
1583,12,25,soltero,no
3001,24,22,soltero,no
1929,36,40,casado,no
2158,36,50,casado,sí
4012,24,30,casado,sí
610,18,49,casado,no
279,60,27,casado,no
1501,60,63,casado,no
2189,12,57,casado,no
1166,36,38,casado,no
515,36,28,soltero,no
2478,36,38,casado,no
571,60,34,soltero,no
939,60,45,casado,no
4055,60,56,casado,no
3502,60,32,casado,no
2551,60,49,casado,no
1396,24,24,soltero,no
932,60,28,casado,no
2861,48,44,viudo,sí
280,36,19,casado,no
2430,60,56,casado,no
4406,60,26,soltero,no
522,60,31,casado,no
990,24,42,casado,no
3484,60,34,casado,no
3585,60,53,casado,no
1214,60,32,casado,no
2409,60,50,casado,no
2260,48,31,soltero,no
3653,60,37,casado,sí
851,36,58,viudo,no
2719,36,37,casado,no
3138,60,38,casado,no
3307,60,31,soltero,no
661,12,35,separado,no
3432,60,29,casado,no
642,60,50,casado,no
2338,48,28,casado,sí
2539,6,33,soltero,sí
451,60,32,casado,no
2724,60,39,casado,no
4431,24,64,casado,no
3521,60,47,casado,no
4128,60,50,casado,no
4148,30,37,casado,no
4156,36,22,soltero,no
4444,60,31,viudo,sí
1672,60,25,casado,no
1205,48,36,casado,no
758,48,65,casado,no
3208,24,43,casado,no
1392,36,20,soltero,no
961,48,43,casado,sí
2234,48,40,casado,no
1310,24,23,soltero,no
3607,36,41,casado,no
30,48,37,soltero,no
812,36,49,casado,no
1887,60,40,casado,no
1294,60,28,soltero,no
3864,12,39,casado,no
496,60,33,separado,no
4241,36,42,casado,no
623,48,42,casado,sí
2658,24,33,casado,no
1083,60,36,casado,no
2233,24,37,casado,sí
1052,54,38,divorciado,no
1347,48,32,casado,no
54,36,51,casado,no
2126,60,30,casado,no
1880,60,58,casado,sí
987,60,31,casado,no
2108,36,47,casado,no
3803,48,31,casado,no
352,60,35,casado,no
3589,24,30,casado,no
3167,12,41,separado,no
3440,36,47,casado,no
2417,60,21,soltero,no
1759,60,29,casado,no
3878,60,25,casado,no
664,60,25,soltero,no
1092,36,28,soltero,no
260,12,37,casado,no
613,60,34,casado,no
817,36,52,casado,no
3225,36,36,casado,no
4425,60,43,casado,sí
1145,60,35,casado,no
3312,60,27,soltero,sí
402,60,36,soltero,no
4044,48,32,soltero,sí
87,60,28,soltero,no
3052,60,51,casado,no
398,48,34,casado,sí
4360,36,48,casado,sí
1398,60,30,soltero,no
3035,60,27,soltero,no
2868,36,35,casado,no
1920,48,23,soltero,no
960,36,33,soltero,no
3159,48,46,casado,no
3763,60,28,casado,sí
48,36,47,casado,no
310,12,46,casado,no
3343,36,24,soltero,sí
4321,60,37,casado,no
2026,60,23,casado,sí
3199,60,25,casado,no
2815,36,41,casado,sí
2804,24,32,casado,no
4186,48,29,viudo,no
1907,12,43,casado,no
4105,60,26,soltero,no
4315,60,26,soltero,sí
3441,48,51,casado,no
1656,48,43,casado,sí
621,36,59,casado,no
1434,60,27,casado,no
1858,48,43,casado,no
3541,60,34,casado,no
3815,48,26,casado,sí
123,60,27,casado,no
1291,18,39,soltero,no
1941,48,50,casado,no
4404,60,24,casado,no
2565,48,27,casado,no
377,18,30,soltero,no
995,12,53,soltero,no
1878,24,28,casado,no
4103,60,55,casado,no
816,48,48,casado,no
774,60,32,casado,no
1567,48,49,casado,no
2308,48,37,casado,no
2691,60,23,soltero,no
2647,48,51,casado,no
778,60,50,viudo,no
126,48,35,separado,no
2128,48,55,casado,no
2075,24,60,casado,no
18,24,68,casado,no
625,60,22,soltero,no
342,60,54,casado,no
3378,60,30,casado,no
745,60,40,separado,sí
619,60,25,casado,no
1002,60,39,casado,no
2130,36,24,casado,no
2603,24,51,casado,no
2289,48,28,soltero,no
452,60,19,soltero,no
3396,48,31,casado,no
132,60,26,casado,no
635,60,34,casado,no
3945,60,39,casado,sí
440,60,44,casado,no
14,36,37,casado,no
502,60,38,casado,sí
3922,60,41,casado,no
2425,24,32,separado,no
3646,60,46,casado,no
3648,18,24,soltero,no
1405,48,49,casado,sí
2576,6,46,casado,no
918,36,36,casado,sí
42,60,42,casado,no
1298,36,47,soltero,no
2651,48,45,casado,sí
2375,60,41,casado,no
863,60,55,casado,no
3338,24,51,casado,no
1364,12,49,casado,no
187,48,31,casado,no
3514,60,29,soltero,no
2595,48,54,casado,no
3071,60,33,casado,no
2829,48,33,casado,no
1218,48,29,casado,no
3544,60,51,casado,no
133,60,28,casado,no
4421,60,33,casado,no
2274,48,27,soltero,no
3898,60,24,casado,no
530,60,32,casado,sí
327,60,41,casado,no
4380,48,33,casado,no
218,36,31,casado,no
1110,36,51,casado,no
158,48,25,soltero,no
3764,12,26,casado,sí
1313,12,47,casado,sí
700,60,37,casado,sí
2821,36,36,casado,no
3387,12,54,casado,no
2329,60,47,casado,no
287,24,37,casado,no
1886,60,45,casado,no
1779,48,35,separado,sí
3710,60,32,casado,no
1117,48,55,casado,no
4248,60,33,casado,no
750,12,35,soltero,no
2410,12,30,casado,no
679,36,40,casado,no
1595,60,30,casado,no
3332,48,39,casado,no
1427,60,27,casado,sí
520,42,25,casado,no
524,60,28,casado,no
3630,36,47,casado,no
453,36,21,soltero,no
150,48,33,casado,no
2196,24,27,soltero,no
3471,60,60,casado,no
3418,60,32,casado,no
2131,36,52,casado,no
3133,48,27,soltero,no
3552,60,21,soltero,no
2027,60,21,soltero,no
1812,24,50,casado,no
748,48,40,casado,no
4125,24,47,casado,sí
3640,60,38,casado,no
1807,60,35,casado,no
718,24,46,casado,no
3871,60,46,separado,no
4135,36,56,separado,no
1379,36,27,soltero,no
742,48,34,casado,no
3848,24,31,soltero,no
3371,36,44,casado,sí
736,48,36,soltero,sí
3547,48,55,casado,no
219,24,53,casado,no
3824,60,32,casado,no
1251,24,26,soltero,no
4172,36,40,casado,no
560,60,33,casado,no
2150,36,34,casado,sí
2448,60,29,casado,no
3410,60,27,casado,sí
3,36,46,casado,sí
3032,48,23,casado,no
3662,18,27,soltero,no
3266,36,47,casado,no
2708,60,20,soltero,no
2177,12,31,casado,no
275,42,50,casado,no
3947,36,39,casado,no
81,36,55,casado,no
294,6,46,casado,no
671,60,35,soltero,no
1042,60,47,casado,no
325,60,28,soltero,no
395,48,42,casado,sí
3067,60,28,casado,sí
1614,24,42,casado,no
3977,60,38,casado,no
871,36,39,casado,sí
1985,60,52,viudo,no
137,60,29,casado,no
1295,36,21,soltero,no
4047,60,25,casado,no
2606,60,57,casado,no
889,36,49,casado,sí
2668,36,40,casado,sí
4074,60,64,casado,no
1574,60,23,soltero,no
2640,48,44,casado,no
2841,60,29,casado,no
2753,60,40,casado,sí
3435,36,45,viudo,no
371,60,28,casado,no
1366,60,31,casado,sí
2257,36,20,soltero,no
1174,60,32,casado,no
1668,48,52,casado,no
3286,60,45,casado,no
793,60,24,soltero,no
324,42,61,casado,no
84,60,39,divorciado,sí
4075,60,29,casado,sí
1849,48,32,casado,no
367,60,51,casado,no
3718,48,50,casado,no
2345,36,42,casado,no
3663,36,49,casado,no
4205,60,32,soltero,no
908,36,33,casado,no
1066,48,33,casado,no
1482,60,44,divorciado,sí
870,48,50,casado,no
4353,60,25,soltero,no
3701,60,36,soltero,no
1390,60,55,casado,no
3991,60,38,casado,sí
2152,48,31,divorciado,no
3669,48,48,casado,no
3645,48,53,casado,no
1260,48,56,viudo,no
3962,60,40,casado,no
1719,60,44,casado,no
2245,60,26,casado,sí
2636,60,40,casado,no
3603,60,21,soltero,no
2283,48,29,casado,no
1022,60,36,casado,no
2366,48,60,casado,no
3203,60,31,casado,no
599,36,22,casado,no
53,60,32,casado,no
392,48,57,casado,no
198,60,38,casado,no
1417,60,28,casado,no
1249,60,41,soltero,no
1924,60,47,casado,no
3534,36,41,soltero,sí
3758,48,28,soltero,no
194,12,44,casado,no
1943,6,41,casado,no
73,48,43,casado,no
3381,60,27,soltero,no
1842,36,49,casado,no
12,36,29,casado,no
3376,48,24,soltero,no
4173,36,22,soltero,no
405,36,34,separado,no
3729,60,39,casado,no
1949,36,40,casado,no
2808,18,26,soltero,no
2269,60,37,casado,sí
602,60,23,casado,no
2939,36,30,casado,no
943,36,21,soltero,no
3555,24,41,casado,sí
3516,36,38,casado,no
3423,36,22,soltero,no
3330,60,31,casado,no
2020,60,52,casado,sí
2073,60,31,separado,sí
131,60,25,casado,no
882,60,33,casado,no
237,36,22,casado,no
2389,48,23,casado,no
3361,24,28,soltero,no
3829,36,28,soltero,no
1889,48,32,casado,no
898,60,26,casado,no
375,60,32,casado,no
4397,60,49,casado,no
3546,24,20,soltero,no
2619,36,58,casado,no
369,60,35,casado,no
606,36,38,casado,no
2092,60,38,casado,no
4073,60,28,casado,no
3488,60,42,soltero,no
2313,18,40,casado,sí
4000,36,53,casado,sí
412,60,29,casado,no
2096,48,33,casado,no
3704,24,51,casado,no
2406,24,32,casado,no
4287,36,45,casado,sí
4194,36,46,casado,no
2337,24,29,soltero,no
1916,12,46,casado,no
4279,60,30,casado,no
1160,36,19,soltero,no
2962,48,32,casado,sí
2788,60,31,soltero,no
4144,60,25,casado,no
3943,36,30,casado,no
2800,36,55,casado,no
1879,48,27,soltero,no
4350,60,32,casado,no
533,36,59,casado,no
3336,48,39,casado,sí
208,60,22,soltero,no
2398,60,39,casado,no
1468,12,36,casado,sí
4053,60,56,casado,no
2660,12,41,casado,no
1788,36,47,casado,no
464,60,51,casado,no
1441,36,52,casado,no
587,6,44,casado,no
1848,60,49,viudo,no
3551,60,42,casado,no
1874,36,29,casado,sí
3467,60,37,casado,sí
3397,48,23,soltero,no
1597,48,26,soltero,no
3362,60,52,casado,no
2206,60,35,casado,no
1329,60,23,casado,no
4119,60,55,viudo,no
9,60,32,casado,no
3550,24,32,casado,no
261,36,27,casado,no
4336,60,35,soltero,no
2227,12,26,soltero,no
1616,60,46,soltero,no
997,48,38,casado,no
2320,60,25,soltero,no
3050,24,49,casado,no
2387,48,45,soltero,no
2042,60,54,casado,no
4130,60,29,casado,sí
3538,60,45,casado,no
437,48,36,casado,no
2648,60,36,casado,no
3806,60,49,casado,no
295,60,52,casado,no
3679,12,36,casado,no
4439,60,37,casado,no
4254,12,60,casado,no
596,60,27,casado,no
3807,60,46,casado,no
1851,36,50,casado,no
1947,60,41,divorciado,sí
3698,36,48,casado,no
1466,36,19,soltero,sí
3427,24,54,casado,no
1384,60,28,soltero,no
4184,36,55,casado,sí
1932,12,66,casado,no
911,12,33,casado,no
4259,60,30,casado,no
4430,36,38,casado,no
4155,60,49,viudo,no
3226,48,23,soltero,no
3136,60,31,casado,no
658,60,34,casado,sí
2412,60,28,casado,sí
3644,60,30,soltero,sí
1742,48,36,casado,no
765,60,22,soltero,no
3258,48,45,casado,no
270,36,40,casado,no
4171,60,53,casado,no
4176,60,31,casado,no
1059,60,28,casado,no
1010,60,27,casado,no
1724,60,25,casado,no
1763,36,24,casado,no
3031,60,29,soltero,no
1257,60,52,casado,no
1021,36,26,casado,no
3699,18,34,divorciado,no
3048,36,24,casado,no
3333,18,21,soltero,no
354,60,30,casado,no
3455,60,28,casado,no
2396,36,51,soltero,sí
1844,18,29,casado,no
1685,60,25,casado,no
3588,60,37,soltero,sí
2508,36,30,separado,no
2301,18,38,casado,no
2334,36,45,casado,no
2486,60,35,soltero,no
727,60,46,viudo,no
695,60,38,casado,no
4263,60,28,casado,no
288,60,36,casado,no
2923,24,46,casado,no
1035,60,24,casado,no
1816,36,58,casado,no
3344,36,41,casado,no
2798,60,19,soltero,no
330,60,55,casado,no
3111,24,41,casado,sí
408,36,50,casado,no
3618,60,21,soltero,no
3883,12,22,soltero,no
4034,48,22,casado,no
224,48,36,casado,no
3491,36,51,casado,no
3227,36,39,casado,no
450,24,20,soltero,no
4348,36,38,separado,no
3844,60,51,casado,no
4134,48,29,casado,no
2279,48,60,casado,no
2527,60,34,casado,no
1968,36,43,casado,no
1181,36,24,casado,no
1256,60,48,casado,sí
1956,36,33,casado,no
2135,48,41,casado,no
1204,60,36,casado,no
1864,48,27,casado,no
3121,30,55,casado,no
2220,60,42,casado,no
3122,48,19,soltero,no
878,48,44,casado,no
1620,48,42,casado,no
258,60,57,casado,no
2830,36,25,soltero,no
824,24,52,casado,no
2157,30,30,casado,no
1355,48,39,casado,no
3068,12,23,casado,no
950,60,57,soltero,no
3756,48,46,casado,sí
3506,48,32,casado,no
1299,24,49,casado,no
3949,36,52,casado,no
3026,60,27,casado,no
4221,60,28,casado,no
1121,60,38,casado,no
2212,60,23,casado,no
2818,24,24,casado,no
488,60,54,casado,no
2910,60,59,casado,no
3733,36,28,soltero,no
3942,18,19,soltero,no
1407,60,31,soltero,sí
2838,60,44,casado,no
2502,60,24,soltero,no
2671,60,54,casado,no
2774,48,24,soltero,no
328,60,38,casado,no
2979,36,50,casado,no
58,30,27,soltero,no
3060,60,23,soltero,sí
2438,36,31,soltero,sí
2276,48,34,casado,no
2650,60,37,soltero,no
1716,36,20,casado,no
1834,36,49,casado,no
2639,60,30,casado,no
4445,60,22,soltero,sí
4262,42,46,casado,no
2411,48,24,soltero,no
641,30,35,casado,no
3255,48,51,casado,no
3259,60,58,casado,no
3511,60,38,casado,no
3428,60,44,casado,no
676,60,30,casado,sí
443,60,39,casado,no
2856,48,55,casado,no
2596,36,54,casado,no
3158,60,40,casado,no
2810,36,46,casado,no
3667,60,20,soltero,no
1954,60,45,casado,sí
2631,36,51,casado,sí
1019,60,36,casado,no
1732,48,23,soltero,no
166,48,58,casado,sí
2101,36,27,casado,no
1906,60,27,soltero,no
2369,48,50,casado,no
1345,18,62,casado,no
2277,36,42,casado,no
2397,60,34,separado,no
17,24,52,soltero,no
4311,60,34,casado,no
4449,48,30,casado,sí
3633,48,41,casado,sí
2123,36,33,casado,no
1823,60,30,soltero,no
436,60,40,casado,no
811,48,28,casado,no
2164,36,37,casado,no
2930,60,37,casado,no
80,48,56,casado,no
2992,48,20,soltero,no
1662,12,30,soltero,no
2247,60,23,soltero,no
3211,48,28,soltero,no
3812,48,27,casado,no
3861,48,20,soltero,sí
858,36,23,soltero,no
920,60,33,soltero,sí
3174,60,47,separado,no
1519,42,61,casado,no
3559,60,29,casado,no
3406,60,30,casado,no
300,42,65,casado,no
1914,18,22,soltero,no
1798,60,34,casado,no
855,12,37,casado,no
1860,60,22,soltero,no
2066,48,34,casado,no
3924,48,51,divorciado,no
471,36,31,casado,no
1502,48,41,casado,no
1034,24,28,casado,no
521,36,35,soltero,no
3082,60,41,casado,no
1418,48,54,casado,sí
444,48,47,soltero,sí
2777,60,45,casado,no
2540,48,25,soltero,no
3246,60,36,casado,no
348,12,61,casado,no
919,60,28,casado,sí
2393,24,40,casado,no
2199,48,33,casado,no
2797,60,20,soltero,no
4234,36,37,casado,sí
4294,24,21,soltero,no
1813,42,50,viudo,no
2969,24,40,casado,no
1186,36,46,casado,no
1701,60,65,casado,no
3892,36,50,casado,no
3870,36,31,casado,sí
1437,24,29,casado,no
2593,60,62,casado,sí
1669,36,57,casado,no
349,24,59,casado,no
3056,60,42,casado,sí
2060,60,39,casado,sí
2243,60,27,casado,no
2610,60,53,casado,no
4247,60,33,casado,sí
3655,48,48,casado,sí
1036,60,57,casado,sí
4393,60,31,casado,no
273,60,25,casado,no
4367,60,25,casado,no
2477,48,28,casado,no
2558,48,29,casado,no
2612,36,42,soltero,no
3499,60,26,casado,no
3194,60,33,casado,no
3652,60,32,soltero,no
890,60,27,soltero,no
205,60,35,casado,no
118,36,47,casado,no
1072,60,26,casado,no
4150,48,48,casado,no
385,24,35,casado,no
2490,60,32,soltero,no
3380,60,27,casado,no
339,48,52,casado,no
400,60,42,divorciado,sí
1077,48,32,casado,no
1265,60,25,casado,no
2142,48,31,casado,no
1106,12,59,casado,no
3304,18,47,casado,sí
4296,36,46,casado,no
1706,60,61,casado,no
2266,48,44,casado,no
852,60,39,soltero,no
2526,60,28,soltero,no
3252,36,26,soltero,no
355,48,28,casado,no
213,36,19,soltero,no
2275,24,46,casado,no
2211,36,36,casado,no
3523,36,62,casado,no
3355,60,56,casado,no
2812,60,48,casado,no
3951,48,20,soltero,no
32,36,23,soltero,no
3782,48,25,casado,no
394,36,52,casado,sí
3256,60,23,soltero,no
4153,48,28,casado,no
2995,12,22,soltero,no
3700,24,38,casado,sí
4233,48,41,casado,no
3740,36,46,casado,no
1608,60,41,separado,sí
2964,24,21,soltero,no
3697,24,35,casado,no
2843,36,40,casado,sí
28,36,43,casado,no
1099,60,28,casado,no
2569,60,35,soltero,no
1649,48,37,casado,no
376,48,43,soltero,no
3808,36,36,casado,no
71,36,36,casado,no
3715,36,38,casado,no
2327,36,40,casado,no
909,60,38,casado,no
660,36,51,casado,no
1247,60,25,divorciado,no
2032,60,32,casado,no
653,18,39,casado,sí
949,60,29,separado,no
534,54,52,casado,no
3287,36,26,casado,no
2187,30,32,casado,no
3813,60,27,casado,sí
615,24,32,casado,no
491,60,53,casado,no
1516,60,37,casado,no
1652,36,63,casado,no
418,60,35,casado,no
1603,36,32,casado,no
618,12,41,casado,no
104,36,29,casado,no
4351,60,29,casado,sí
1585,48,26,casado,no
3860,36,58,casado,sí
2330,60,26,casado,no
2485,36,54,casado,no
2835,60,30,casado,no
2499,60,24,soltero,no
2548,54,41,casado,no
3904,48,24,casado,no
4018,48,29,casado,no
3446,36,19,soltero,no
3094,24,46,casado,no
3792,24,26,soltero,no
1506,36,36,casado,no
1756,24,47,soltero,no
1415,36,57,casado,no
3097,60,41,casado,no
1032,24,29,casado,no
1269,60,32,casado,no
706,48,29,casado,no
2881,12,27,casado,no
2752,60,37,casado,no
157,36,36,casado,no
1065,36,56,casado,sí
1726,60,43,casado,no
1944,36,38,casado,no
2860,60,59,casado,no
1286,36,42,casado,no
3027,48,49,casado,no
4373,60,36,casado,no
1995,36,37,casado,no
4227,60,39,casado,no
3747,60,26,casado,no
977,60,45,casado,sí
3247,60,45,casado,no
1259,48,25,soltero,no
2642,60,27,casado,no
4146,48,52,soltero,sí
1236,48,36,casado,sí
229,60,50,casado,no
3492,60,32,casado,no
2782,48,31,casado,no
3061,48,53,casado,no
646,60,37,soltero,sí
1001,60,24,soltero,no
1410,60,38,soltero,no
1839,60,57,viudo,sí
3886,36,44,casado,no
4399,60,41,casado,sí
1439,36,26,casado,no
1094,36,60,casado,no
1430,60,32,casado,no
3192,60,34,casado,no
2686,60,40,casado,no
893,60,43,casado,sí
1819,36,34,casado,no
1429,36,29,soltero,no
2049,36,31,casado,no
1460,12,24,soltero,no
549,60,23,soltero,no
383,36,35,casado,no
2728,60,35,separado,no
2714,60,23,soltero,no
3928,48,22,soltero,no
3775,48,56,soltero,no
3019,48,49,casado,sí
2200,48,37,casado,no
715,60,28,casado,no
2447,60,53,casado,no
611,60,37,soltero,sí
1811,48,28,casado,no
4083,60,61,soltero,no
493,48,30,casado,no
903,60,36,soltero,no
3553,60,30,casado,no
1575,60,50,casado,sí
4403,6,52,casado,no
3461,60,32,casado,no
873,60,47,casado,sí
1401,48,35,separado,no
944,6,31,soltero,no
2886,36,34,casado,no
3784,24,38,casado,no
4025,60,23,soltero,no
1150,36,34,viudo,no
2897,60,24,casado,no
29,24,23,casado,no
849,60,34,separado,no
1013,60,31,casado,no
2555,36,42,casado,no
3880,12,53,casado,sí
2898,36,36,casado,no
1998,48,21,soltero,no
1328,36,25,casado,no
3611,48,25,soltero,no
1171,48,38,casado,no
535,36,25,casado,no
2560,60,41,casado,no
1913,18,39,casado,no
172,60,30,casado,no
1658,48,52,casado,no
3013,24,50,casado,no
2253,24,30,casado,no
225,60,64,soltero,no
1026,24,56,casado,sí
3487,6,35,casado,sí
1643,36,24,casado,no
448,48,36,casado,no
2238,36,23,casado,no
1679,60,25,soltero,no
2905,60,27,casado,no
2285,48,43,casado,no
252,60,51,casado,no
1938,54,33,casado,no
151,18,35,casado,no
4277,60,41,casado,sí
2280,60,42,casado,sí
1222,24,32,casado,no
3134,60,35,casado,no
2626,36,30,casado,no
2102,60,36,casado,no
259,60,63,casado,no
3990,60,27,casado,no
525,48,22,soltero,no
185,60,34,casado,no
4031,36,38,casado,sí
2216,60,35,casado,no
1569,36,34,soltero,no
3608,36,46,casado,no
1991,60,27,soltero,no
3796,60,54,viudo,sí
2292,60,40,casado,sí
3781,60,28,casado,sí
1646,36,52,casado,no
340,48,37,viudo,no
2148,36,56,casado,no
1069,60,34,casado,no
3563,60,53,viudo,no
2229,60,30,casado,no
1564,60,38,casado,no
3295,60,54,casado,no
3833,24,39,casado,no
1271,60,22,soltero,no
3444,48,35,casado,no
4286,60,48,casado,no
1869,60,32,casado,no
1276,36,37,casado,no
3059,24,42,casado,sí
2649,48,37,casado,no
3468,48,55,casado,no
7,60,44,casado,no
4398,36,24,casado,no
575,60,27,casado,no
2993,36,44,casado,sí
2455,30,23,soltero,no
3486,60,34,casado,no
1462,48,30,separado,sí
4364,48,21,soltero,no
1584,30,26,soltero,no
4340,60,25,casado,no
2250,60,36,casado,no
1526,60,38,casado,no
3724,18,48,casado,no
4365,36,32,casado,no
1555,60,37,casado,no
2444,48,36,casado,no
3600,60,39,casado,no
2293,60,20,soltero,no
10,48,41,casado,no
1448,18,43,casado,no
2440,12,32,casado,no
1356,48,24,soltero,sí
2791,48,28,soltero,no
4068,60,56,casado,no
3965,60,34,casado,no
3402,60,40,casado,sí
4347,48,41,casado,no
3915,60,31,casado,no
4330,36,45,casado,no
508,60,33,casado,no
1136,60,34,casado,no
2323,36,22,soltero,no
4284,48,21,soltero,no
4091,36,44,casado,sí
4104,60,27,casado,no
428,36,27,casado,no
3213,60,39,divorciado,no
256,60,49,casado,no
4358,36,46,casado,sí
626,36,44,separado,no
3554,6,22,soltero,sí
4343,60,40,casado,sí
4339,48,24,casado,no
1974,24,58,casado,sí
3011,18,25,soltero,no
854,60,23,soltero,no
3400,36,25,casado,no
3774,48,33,casado,no
537,48,51,casado,no
2491,60,35,soltero,no
1699,36,34,casado,no
3349,48,51,casado,no
874,24,45,casado,no
140,12,50,casado,no
2567,48,23,soltero,no
3323,60,36,casado,no
2267,60,41,casado,sí
981,60,27,casado,no
3373,60,32,casado,no
3356,48,40,casado,no
2163,60,58,casado,no
4255,60,32,casado,sí
234,60,37,soltero,no
1207,60,24,casado,no
3822,60,32,casado,no
3706,36,31,casado,no
1389,12,29,casado,no
78,36,46,casado,sí
4070,24,30,casado,sí
2535,60,30,casado,no
3817,60,41,casado,no
897,48,39,casado,no
601,36,36,casado,no
2021,60,36,casado,no
3049,48,35,soltero,no
616,36,19,soltero,no
712,60,50,casado,no
127,60,23,soltero,no
581,48,52,casado,no
2613,36,40,separado,no
4328,60,55,casado,no
4188,60,51,casado,no
1367,54,35,casado,no
119,24,66,casado,no
3571,60,41,casado,no
2877,48,37,separado,no
3665,60,32,casado,no
562,48,31,casado,no
956,48,42,casado,sí
2589,48,25,soltero,no
794,36,43,casado,no
2522,60,53,viudo,no
558,48,33,casado,no
2562,60,33,casado,no
3415,60,38,casado,no
973,60,54,casado,no
3613,30,21,soltero,no
1190,12,25,casado,no
3800,12,56,casado,no
3612,60,54,casado,no
3092,60,35,casado,no
4081,24,25,soltero,sí
3475,60,36,separado,no
2570,48,46,casado,no
292,60,41,casado,no
44,60,32,casado,sí
845,36,56,casado,sí
1426,48,26,soltero,no
1380,36,27,casado,no
2980,60,61,casado,no
1896,48,33,casado,no
1397,18,33,casado,no
1383,36,25,viudo,no
4063,24,26,casado,no
1046,60,21,soltero,no
4411,36,58,casado,no
3367,36,38,casado,no
285,60,54,casado,no
2545,48,42,casado,no
905,36,49,viudo,no
2681,60,28,casado,no
1175,48,22,soltero,no
2709,60,34,casado,no
1301,60,62,casado,no
1348,60,54,casado,no
1988,60,37,casado,no
1821,36,24,soltero,no
3650,24,24,soltero,no
4300,60,58,casado,no
441,24,34,casado,no
2120,60,38,casado,no
4193,48,32,soltero,no
1292,24,22,soltero,no
822,60,50,casado,no
4375,48,51,casado,no
663,60,30,casado,sí
2852,36,34,casado,no
1689,36,31,casado,no
4370,48,39,casado,no
2162,48,28,casado,no
4181,60,47,casado,sí
4335,36,36,casado,no
4282,36,50,casado,no
2744,60,34,casado,no
2574,48,57,soltero,sí
1459,60,25,casado,no
2161,48,46,casado,no
3263,48,50,casado,no
1016,36,54,casado,no
3909,36,22,soltero,no
1882,36,26,soltero,sí
4120,48,36,casado,sí
3617,24,30,soltero,no
82,36,52,casado,no
986,60,40,casado,no
4086,24,41,casado,no
3114,48,44,casado,no
632,60,60,casado,no
2167,60,34,casado,no
3456,36,33,separado,sí
753,60,24,casado,no
115,48,29,casado,no
3452,60,21,casado,no
2972,60,58,casado,no
306,36,28,casado,no
481,36,55,casado,sí
3952,60,35,soltero,no
1051,48,29,casado,no
2731,48,23,soltero,no
1458,48,24,soltero,no
1196,48,52,casado,sí
1814,60,38,casado,no
2783,60,31,casado,no
2254,60,37,casado,no
1647,48,34,casado,no
638,48,25,casado,no
1604,6,25,soltero,no
4253,36,37,separado,sí
3920,36,28,casado,no
3647,48,40,casado,no
2582,60,57,casado,no
1513,60,25,casado,no
2303,60,36,casado,no
2497,24,24,soltero,no
2107,60,38,casado,no
3899,60,39,soltero,no
344,30,26,casado,no
3131,60,62,casado,no
2970,48,37,casado,no
4158,24,52,casado,no
902,6,58,casado,sí
2715,60,26,casado,no
2065,60,34,casado,no
1553,24,53,casado,no
1442,24,28,casado,no
2463,48,29,soltero,no
4079,12,52,soltero,no
2822,48,45,casado,no
1578,48,42,divorciado,no
2089,24,63,casado,no
1952,36,44,casado,sí
2359,60,29,casado,no
1371,36,45,casado,no
1536,12,49,viudo,no
357,6,29,soltero,no
2210,36,52,casado,no
3074,36,25,casado,no
3628,48,48,casado,no
4092,24,41,casado,no
1126,48,21,soltero,no
2940,48,51,casado,no
2988,60,29,casado,no
1457,42,35,casado,no
1966,48,37,viudo,no
231,24,40,soltero,no
3000,60,30,casado,no
497,60,55,casado,sí
3847,36,39,casado,no
891,60,52,divorciado,no
518,60,41,casado,sí
1833,24,47,casado,no
4361,60,54,casado,sí
2476,36,36,casado,no
4426,36,26,casado,no
3155,60,57,casado,no
1549,60,34,casado,sí
1108,60,36,casado,sí
170,60,40,casado,no
38,48,32,casado,no
1493,48,31,casado,no
829,36,41,casado,no
1033,48,33,casado,no
478,60,34,soltero,no
2352,24,39,casado,no
317,36,24,soltero,no
3995,60,37,casado,no
183,60,34,casado,no
2948,48,49,casado,no
3512,60,33,casado,sí
1047,36,32,soltero,no
982,18,33,soltero,no
1769,36,61,casado,no
1079,48,28,casado,no
2834,60,35,casado,no
3278,60,34,casado,sí
3703,60,55,casado,no
1745,36,44,casado,sí
1895,48,52,casado,no
2546,60,42,soltero,no
1594,36,24,soltero,no
3235,48,23,soltero,no
3526,36,36,casado,sí
4191,48,34,casado,no
3483,60,32,casado,no
3539,60,30,separado,no
1957,12,33,casado,no
975,48,46,casado,no
4293,60,26,casado,no
128,60,52,casado,no
3687,60,63,casado,no
3171,12,23,soltero,no
1350,48,36,divorciado,no
3979,48,21,soltero,no
55,12,37,casado,no
2466,48,37,casado,sí
3972,48,44,separado,no
2711,24,28,casado,no
3896,36,42,soltero,no
1102,60,21,soltero,no
3828,36,38,casado,sí
2215,48,23,soltero,no
267,60,27,soltero,no
4433,48,40,soltero,no
1942,36,44,casado,no
536,36,24,separado,no
3224,60,33,casado,no
815,60,25,soltero,no
732,36,27,soltero,no
2041,36,52,casado,no
3375,24,49,casado,sí
2900,36,36,casado,no
4428,48,47,casado,no
4377,36,38,casado,no
2955,36,21,soltero,sí
4319,60,32,casado,no
129,24,22,soltero,no
315,48,52,casado,no
2124,30,29,soltero,no
4396,60,32,divorciado,no
3720,36,26,soltero,no
314,36,49,casado,no
3694,60,46,casado,sí
2422,36,32,casado,no
1472,48,22,soltero,no
2025,48,47,soltero,no
1677,48,47,casado,sí
2259,24,50,casado,no
1413,12,49,casado,no
211,36,37,casado,no
3351,36,23,soltero,no
1767,36,21,soltero,no
3477,60,42,casado,no
1621,60,63,casado,no
2873,48,48,casado,no
3303,48,25,casado,no
3954,60,34,soltero,sí
3274,48,28,soltero,no
2587,48,34,soltero,no
2012,60,42,casado,no
2807,36,32,soltero,no
983,60,52,casado,no
3821,24,50,casado,no
3933,36,37,casado,sí
2638,48,37,casado,no
3363,60,32,casado,no
1177,48,30,casado,no
4275,36,37,casado,sí
250,48,28,casado,no
4298,60,47,separado,sí
173,54,43,casado,no
711,48,46,casado,no
1671,24,28,casado,no
3525,24,41,casado,no
3437,60,28,casado,no
130,18,48,casado,no
2947,48,42,casado,no
209,24,33,casado,sí
1158,24,33,casado,no
1495,60,61,casado,no
147,36,35,casado,sí
2385,36,39,casado,sí
1868,36,35,casado,no
1632,48,29,casado,no
1613,36,29,casado,no
1925,60,40,casado,no
2072,36,41,soltero,no
1862,60,42,casado,no
1297,36,41,casado,sí
720,36,22,soltero,no
3594,60,49,casado,no
972,60,23,soltero,no
2183,48,45,casado,no
3580,36,37,casado,no
1416,48,28,soltero,no
103,60,33,casado,no
2598,60,55,casado,no
1572,48,30,casado,no
4394,60,32,casado,sí
4385,48,52,casado,sí
678,36,51,casado,no
588,36,48,casado,sí
2542,48,35,casado,no
3201,60,28,casado,sí
4042,36,55,casado,no
101,48,57,casado,no
1517,36,36,casado,no
3294,60,26,soltero,no
3309,36,28,soltero,no
3474,48,21,casado,no
3948,24,36,casado,no
1250,60,47,viudo,sí
2001,36,32,casado,no
1771,48,51,casado,no
3973,60,22,soltero,no
3914,36,35,soltero,no
1408,60,26,casado,no
320,42,33,casado,sí
2696,48,40,casado,no
1761,60,33,casado,no
1182,60,52,separado,sí
988,36,31,casado,no
503,48,25,soltero,no
1618,36,31,casado,no
2672,60,43,soltero,no
1673,48,33,divorciado,no
1275,48,28,soltero,no
3791,60,32,casado,no
3604,60,33,separado,no
3291,36,30,soltero,sí
3335,60,34,casado,no
337,36,49,casado,sí
2062,60,39,casado,no
2780,60,23,soltero,no
693,60,39,casado,sí
4192,60,58,soltero,no
2811,18,37,casado,no
1165,60,51,casado,no
1856,48,33,soltero,no
1353,24,22,soltero,no
2531,60,43,casado,no
3267,60,47,casado,sí
3188,36,31,casado,no
2240,36,38,casado,no
1791,12,26,soltero,no
304,60,35,casado,no
1730,60,36,casado,no
3466,60,40,casado,no
931,36,51,casado,no
2837,60,27,soltero,no
547,36,38,casado,no
3932,36,40,casado,sí
1201,36,44,casado,no
1752,60,56,viudo,no
4010,60,36,casado,sí
1386,48,29,casado,no
3306,24,40,casado,sí
2903,36,45,soltero,no
2423,60,37,separado,sí
1492,60,30,casado,sí
2872,60,58,casado,no
4007,36,24,soltero,no
3120,48,27,casado,no
1651,24,34,casado,no
3004,48,43,casado,no
2045,60,50,casado,no
1185,60,30,casado,no
1921,60,44,casado,no
136,60,41,casado,no
4242,36,34,soltero,no
3485,60,38,casado,no
1400,60,34,separado,no
2907,36,44,casado,no
1086,60,36,casado,no
3515,60,47,separado,no
3426,36,34,casado,no
4046,60,25,soltero,no
1054,60,47,casado,sí
2311,36,33,casado,no
3643,60,30,casado,no
1324,60,38,casado,no
2579,48,25,soltero,no
1091,60,35,casado,sí
505,24,41,separado,no
2213,36,40,casado,no
1840,60,28,separado,no
1225,60,32,soltero,no
1195,36,50,casado,no
2225,60,45,casado,sí
3079,48,44,casado,no
3147,60,26,casado,no
3709,24,43,casado,no
2984,24,20,soltero,no
963,36,52,casado,no
3739,48,24,casado,no
3900,36,41,soltero,no
1438,36,60,casado,no
216,60,44,casado,no
526,60,42,casado,sí
3244,36,59,casado,sí
1288,36,27,viudo,no
4136,48,25,soltero,sí
4085,60,37,soltero,sí
489,48,27,casado,sí
2617,60,30,soltero,no
4141,60,55,casado,sí
2506,48,39,casado,no
2510,24,22,soltero,no
3967,60,39,casado,no
3398,48,22,casado,no
630,60,55,viudo,no
3682,60,33,casado,no
2538,6,29,casado,no
3236,48,24,soltero,no
4151,36,25,soltero,no
3842,60,63,casado,sí
1312,36,31,casado,sí
1538,54,27,casado,no
1959,60,31,casado,sí
308,60,25,soltero,no
3868,60,49,casado,no
3597,36,33,casado,sí
2420,36,20,soltero,no
482,60,54,casado,no
1435,60,37,casado,no
4170,60,26,soltero,no
539,60,33,soltero,no
1964,36,34,casado,no
1970,48,45,casado,no
3843,60,38,casado,no
4369,36,34,casado,no
2996,18,47,casado,sí
1216,60,55,casado,no
2924,60,54,casado,no
681,60,33,casado,no
3635,12,56,casado,no
399,12,43,casado,no
1221,60,42,casado,no
3264,36,45,casado,sí
2957,60,32,casado,no
4022,60,30,casado,sí
3044,36,26,soltero,sí
2916,60,49,casado,sí
2015,60,25,casado,no
1865,60,49,viudo,no
1023,60,36,casado,no
2224,60,46,casado,no
643,36,49,casado,sí
2281,60,46,casado,no
2407,48,40,casado,no
2054,60,33,casado,no
1660,48,48,casado,no
2968,48,21,soltero,no
1850,36,29,casado,sí
2335,48,33,casado,no
946,24,40,casado,no
3509,36,65,soltero,no
3186,48,24,casado,no
1060,12,25,soltero,no
4076,60,26,separado,no
1451,60,44,casado,sí
2471,36,23,soltero,no
1754,60,37,casado,sí
1070,60,36,soltero,sí
1359,36,31,casado,sí
675,42,41,casado,no
411,60,40,casado,sí
2040,36,38,casado,sí
302,60,31,soltero,no
4453,48,23,soltero,no
1105,48,27,soltero,no
3897,60,37,casado,no
1315,12,25,soltero,sí
2112,36,24,soltero,no
34,36,39,casado,no
4077,48,24,soltero,no
846,24,24,casado,no
2836,60,39,casado,no
3029,36,49,casado,no
552,60,27,soltero,no
4187,60,37,casado,no
457,60,51,casado,no
135,60,33,casado,no
2361,48,42,casado,no
806,36,58,casado,no
2607,48,48,casado,sí
3901,48,55,casado,sí
633,60,58,divorciado,no
1232,48,55,casado,no
2160,60,32,casado,sí
3329,36,31,casado,no
1153,36,49,casado,no
4261,60,55,casado,no
2333,36,43,casado,no
2717,48,27,soltero,no
2977,60,41,casado,no
2005,36,47,casado,no
4013,60,31,divorciado,sí
904,60,40,casado,no
580,60,42,casado,no
473,30,45,casado,no
1188,60,52,casado,no
3543,60,45,casado,no
2314,48,22,casado,no
1762,48,29,soltero,sí
2608,60,28,casado,no
2694,42,26,soltero,no
1939,36,37,casado,no
4072,48,30,soltero,no
3342,24,51,casado,no
13,60,30,casado,no
2204,60,45,casado,sí
2399,48,37,separado,sí
93,36,21,casado,no
3104,12,21,soltero,no
2739,18,23,soltero,no
2974,24,25,soltero,no
3926,60,40,casado,sí
3745,60,23,casado,no
4132,60,53,casado,no
3095,48,53,casado,no
2712,60,27,casado,no
3657,48,25,casado,sí
2848,36,22,casado,no
3876,60,28,casado,no
2261,48,51,casado,no
1039,60,29,soltero,no
592,60,50,casado,no
4345,24,38,casado,no
862,60,45,casado,no
1343,60,42,casado,no
2048,60,22,soltero,no
427,60,24,soltero,sí
952,36,36,casado,no
4057,24,59,casado,no
3002,60,54,casado,no
3785,48,32,casado,sí
4392,60,35,casado,sí
3835,48,39,casado,no
4231,60,50,soltero,no
20,60,31,soltero,no
66,60,43,casado,no
517,60,50,casado,no
3212,24,40,casado,no
3275,60,31,soltero,no
4020,48,40,casado,no
311,60,36,casado,sí
1680,36,27,soltero,no
2669,60,45,casado,sí
2758,24,21,soltero,no
366,60,44,casado,no
694,48,36,casado,no
3802,36,34,casado,no
3783,60,44,separado,sí
2504,60,31,casado,no
1683,60,20,soltero,no
2203,48,42,separado,no
609,60,34,casado,no
1453,18,34,casado,sí
3157,60,48,separado,no
3365,48,31,casado,no
3975,60,42,separado,sí
2564,48,39,casado,no
1,60,30,casado,no
1700,48,26,soltero,no
810,48,31,casado,no
3233,60,53,divorciado,sí
1403,60,30,casado,no
1560,36,33,casado,no
3542,24,50,casado,no
1958,12,48,casado,no
2,60,58,viudo,no
737,18,62,casado,no
3190,36,39,separado,sí
1467,24,30,casado,no
1377,36,29,soltero,no
3528,60,52,casado,no
3037,36,50,separado,no
2931,60,43,casado,sí
4201,60,45,casado,sí
2358,60,23,casado,no
1664,48,29,casado,no
1491,36,26,casado,no
1596,36,35,casado,no
2300,60,45,viudo,no
434,60,25,soltero,no
3985,36,43,casado,sí
4159,24,51,casado,no
2053,36,55,divorciado,no
1433,60,30,casado,no
2572,48,52,casado,no
2727,48,55,casado,no
4320,48,50,separado,sí
397,48,37,divorciado,no
19,48,36,casado,no
2778,60,39,casado,no
3656,60,42,casado,sí
1702,36,59,casado,no
2481,36,36,casado,no
3281,60,52,casado,no
2294,60,44,casado,sí
3631,48,46,casado,no
2404,36,35,casado,no
692,18,55,casado,no
3324,60,48,casado,no
2819,60,26,soltero,no
2236,60,57,casado,no
3389,48,33,casado,no
4246,60,39,casado,no
1111,60,35,casado,no
212,24,46,casado,no
834,36,23,soltero,no
423,48,30,casado,no
2312,36,43,casado,sí
859,60,34,casado,no
3296,24,36,casado,no
2883,48,39,casado,no
3976,36,40,casado,no
4379,60,49,casado,sí
1917,36,27,casado,no
796,24,32,soltero,no
1103,36,45,casado,sí
504,48,35,casado,no
1829,60,30,separado,sí
3409,60,59,casado,no
2180,36,46,casado,no
3503,60,30,soltero,no
1143,60,33,casado,sí
659,36,39,casado,no
1661,60,33,casado,no
3889,60,47,casado,no
2365,36,43,casado,sí
415,24,51,casado,no
2743,48,26,soltero,no
2853,60,43,casado,no
3561,36,26,casado,no
3115,60,23,soltero,no
1330,36,47,casado,no
2084,60,24,soltero,no
2079,48,51,casado,sí
3956,60,32,casado,sí
3089,36,23,soltero,no
1548,48,22,soltero,no
2299,60,41,casado,no
364,36,34,casado,no
2823,12,43,casado,no
382,48,27,casado,no
1465,60,45,casado,no
1148,18,37,casado,no
3575,60,44,casado,no
1101,36,35,casado,sí
2118,36,35,soltero,no
3170,60,39,casado,no
1480,60,38,casado,sí
416,60,31,casado,no
542,60,24,casado,no
1918,36,51,casado,sí
687,60,24,casado,no
2704,48,36,casado,no
2002,60,39,casado,no
388,60,36,casado,no
3454,60,53,casado,no
1481,60,36,casado,no
966,60,29,viudo,no
1483,60,33,casado,no
2376,60,24,soltero,no
3379,48,29,soltero,no
1768,36,27,casado,no
4017,60,42,casado,no
2016,36,30,casado,no
4213,36,53,casado,no
1446,36,30,casado,no
289,60,28,casado,no
165,48,59,casado,no
3518,60,33,soltero,no
2718,36,53,casado,no
2391,36,45,casado,no
3358,36,61,casado,no
4011,60,27,casado,no
3513,60,32,casado,sí
828,60,33,casado,sí
24,60,41,casado,no
1144,36,27,separado,sí
1708,48,55,casado,no
4245,18,29,casado,no
2590,48,50,casado,no
175,24,47,casado,no
888,60,62,casado,no
245,60,30,casado,no
278,60,35,casado,sí
1137,60,24,casado,no
4164,24,20,soltero,no
1138,60,26,casado,sí
3025,36,23,soltero,no
1820,60,43,casado,no
1626,48,29,casado,no
2518,36,35,casado,sí
686,24,27,soltero,no
3658,60,42,soltero,no
1252,60,27,casado,no
3430,60,32,casado,no
4310,60,40,casado,no
2806,60,50,casado,no
2652,60,51,casado,no
4093,60,18,soltero,no
3270,60,35,casado,sí
2842,72,29,casado,no
2575,60,35,soltero,no
2762,36,39,casado,no
1360,48,47,casado,no
1302,36,24,soltero,no
1686,36,43,casado,no
2865,24,37,casado,no
1561,48,56,casado,no
3010,36,40,casado,no
769,36,40,casado,no
3557,60,30,soltero,sí
1654,48,23,soltero,no
3649,48,36,casado,sí
3696,36,46,casado,no
4357,36,55,casado,no
4028,24,41,casado,no
2336,36,31,casado,no
341,60,42,casado,no
1133,60,62,casado,sí
861,12,51,casado,no
2563,60,23,soltero,no
235,48,25,casado,no
1778,48,63,casado,no
527,60,41,casado,no
1510,48,32,casado,no
1503,48,42,casado,no
4036,36,28,casado,no
1556,60,35,casado,no
3359,60,22,casado,sí
1753,42,23,soltero,no
4243,36,36,casado,no
2186,60,31,soltero,no
3251,36,23,casado,no
1527,60,28,casado,no
479,48,34,separado,no
3325,48,28,soltero,no
4337,60,55,casado,no
265,12,49,casado,no
396,60,44,casado,no
215,60,31,casado,no
691,60,27,soltero,no
380,24,20,soltero,no
2401,60,46,casado,no
914,48,47,casado,no
3846,36,37,casado,no
1206,60,36,casado,no
1625,36,24,casado,no
2446,36,24,casado,sí
741,36,34,casado,sí
2030,60,45,casado,no
4051,36,21,soltero,no
2975,60,43,casado,no
1104,48,31,casado,no
4008,60,37,casado,no
3850,48,20,soltero,no
2839,60,40,casado,sí
124,60,54,casado,no
8,12,27,soltero,no
1631,60,38,casado,no
3524,24,28,casado,no
3936,48,35,casado,no
3164,36,30,soltero,no
305,60,47,casado,no
1843,36,35,casado,no
1477,60,24,soltero,no
189,12,33,casado,no
3953,60,40,casado,sí
1123,24,47,casado,sí
2473,60,35,casado,no
4354,12,42,casado,sí
1179,60,28,casado,sí
3322,24,56,casado,sí
162,48,36,casado,no
3339,48,31,soltero,sí
4447,48,52,casado,no
1184,36,39,casado,no
680,24,53,casado,no
790,60,39,casado,no
639,36,39,soltero,no
3470,36,36,separado,no
1237,60,42,casado,no
1733,36,32,casado,no
3457,60,30,casado,no
3982,48,29,separado,no
4258,24,51,casado,no
1881,60,34,soltero,no
628,48,49,casado,no
2052,36,60,casado,no
2462,36,23,soltero,no
164,36,60,casado,no
2172,36,61,casado,no
4212,48,48,casado,no
3743,60,28,casado,no
2188,48,31,casado,no
2031,30,22,soltero,no
821,36,38,casado,sí
3750,60,41,casado,no
3404,36,31,casado,sí
2316,48,41,casado,no
2943,60,29,casado,no
4257,60,32,casado,no
3195,48,51,casado,no
2550,36,42,soltero,sí
551,24,36,casado,no
3950,60,36,casado,sí
1163,36,23,casado,no
1012,60,36,casado,no
1266,60,25,soltero,no
2356,60,41,casado,no
404,60,34,soltero,no
2382,36,23,soltero,no
220,60,36,casado,no
2434,48,21,soltero,no
1211,60,55,casado,no
3124,60,29,casado,sí
3261,36,59,casado,no
1421,60,36,casado,sí
2664,60,33,casado,no
3148,24,39,casado,no
1852,60,24,soltero,no
2154,60,41,casado,sí
928,12,30,soltero,no
3573,24,56,casado,sí
429,60,32,casado,sí
2357,60,41,soltero,sí
365,60,27,soltero,no
3277,24,53,casado,sí
2265,60,50,casado,no
1696,36,59,soltero,no
2377,48,51,casado,no
2858,60,24,soltero,no
499,60,28,soltero,no
1735,60,28,casado,no
1178,36,53,casado,no
4226,36,51,casado,no
3717,18,23,soltero,no
2197,60,38,casado,no
820,60,30,casado,no
3240,36,47,casado,no
2513,24,23,soltero,no
1809,36,50,casado,no
1826,60,32,casado,sí
1409,48,43,casado,no
4111,18,44,casado,no
668,60,63,viudo,no
4239,60,21,soltero,no
779,60,49,casado,no
569,48,50,casado,no
1734,60,23,casado,no
1082,24,31,casado,no
2938,60,28,casado,sí
1497,24,45,casado,no
783,60,33,casado,no
3725,36,30,casado,sí
472,54,47,casado,no
445,60,28,casado,no
3298,48,38,divorciado,no
4115,36,21,soltero,no
1825,60,35,casado,no
2033,36,20,casado,no
2869,36,37,casado,no
563,12,36,casado,no
1139,24,21,soltero,sí
881,48,26,soltero,no
4154,30,64,casado,no
2802,36,53,separado,no
2605,48,22,soltero,no
4054,48,25,soltero,no
3500,36,49,casado,no
4386,60,28,casado,no
2989,60,38,casado,no
95,48,56,casado,no
2489,60,35,casado,no
3568,60,27,soltero,sí
2036,18,27,casado,no
837,36,58,casado,no
3882,60,46,casado,no
2273,24,26,soltero,no
844,36,51,casado,no
1901,30,25,casado,no
1368,48,44,casado,no
3285,48,24,casado,no
4250,60,40,casado,sí
1341,60,56,casado,no
3760,60,24,soltero,no
269,36,33,casado,no
775,18,42,casado,no
1198,60,27,soltero,no
1215,60,36,casado,no
3480,60,59,casado,no
1908,48,22,soltero,no
1014,48,22,soltero,no
263,36,64,soltero,sí
4317,36,23,soltero,no
2673,48,53,casado,no
1785,60,29,casado,no
3819,48,20,soltero,no
4045,36,47,casado,no
4107,36,45,soltero,no
1053,42,38,casado,no
2372,60,23,soltero,no
2599,60,19,soltero,no
462,60,28,soltero,no
3801,60,26,casado,no
4285,36,36,casado,sí
2770,60,54,casado,no
1505,60,44,casado,no
4196,30,40,casado,no
2944,36,32,casado,no
2655,60,49,casado,no
323,60,23,soltero,no
1476,60,52,soltero,no
1542,30,55,casado,no
378,18,42,casado,no
3395,60,35,casado,no
3139,48,63,casado,sí
682,60,24,casado,no
49,36,27,separado,no
2298,60,33,casado,no
264,48,49,casado,no
3816,48,37,casado,sí
772,60,41,casado,sí
4415,60,50,casado,no
3482,12,66,viudo,no
4414,60,30,casado,sí
3290,36,61,soltero,no
843,60,41,casado,no
958,48,26,soltero,no
1008,36,40,casado,sí
3795,60,49,casado,no
4244,60,34,casado,no
573,48,28,casado,no
2624,60,38,separado,sí
2453,60,40,casado,no
1674,48,37,casado,no
3077,48,42,separado,sí
3317,60,42,casado,no
998,36,49,casado,sí
3971,48,46,casado,no
513,60,23,casado,no
3228,60,36,casado,sí
725,60,51,casado,no
2874,60,56,casado,sí
3582,60,38,casado,no
3215,12,46,separado,no
1161,36,26,casado,sí
4116,60,35,casado,sí
2761,36,30,casado,no
2586,24,60,casado,no
2155,36,29,casado,no
3073,60,22,soltero,no
1277,36,34,soltero,no
2634,36,27,soltero,no
3873,36,37,casado,sí
3996,12,56,casado,no
3260,60,38,casado,no
3326,36,54,soltero,sí
2755,60,49,casado,no
2370,48,28,casado,no
3602,36,36,casado,no
3884,60,25,casado,no
3066,48,45,casado,no
226,36,27,soltero,no
2110,24,58,casado,no
1449,60,50,casado,no
3310,48,34,separado,no
701,60,49,casado,no
3241,60,25,casado,no
227,30,26,casado,no
2517,30,24,casado,no
1487,60,40,casado,no
4412,48,21,soltero,sí
1262,48,40,soltero,no
2458,36,48,casado,no
923,60,22,soltero,no
4177,60,24,soltero,sí
2929,60,37,casado,no
3804,60,62,casado,no
4388,48,26,casado,no
2153,36,46,casado,sí
167,12,37,casado,no
717,48,61,viudo,no
110,36,33,soltero,no
1894,60,29,soltero,no
568,36,32,casado,no
4450,60,39,casado,no
2895,60,36,casado,no
2583,60,37,casado,sí
2388,60,24,soltero,no
4062,60,44,casado,no
1704,60,27,casado,no
1919,60,30,soltero,no
1748,48,24,casado,no
2035,12,23,casado,no
1335,36,40,casado,sí
1980,48,26,casado,no
134,30,62,casado,no
3118,48,20,soltero,no
75,24,43,casado,no
3834,36,39,casado,no
469,60,32,casado,no
714,36,36,soltero,no
2058,60,30,casado,sí
3065,60,26,casado,no
4090,60,28,casado,no
3693,60,31,casado,sí
2451,42,53,casado,no
776,60,23,soltero,no
2792,60,37,soltero,no
1498,36,35,casado,no
6,60,36,casado,no
1721,36,42,soltero,no
3443,60,38,separado,sí
1496,30,33,casado,no
1358,48,31,soltero,sí
4016,48,30,soltero,no
916,48,42,casado,no
4183,48,66,casado,no
1832,60,22,soltero,no
3434,36,39,casado,no
1169,60,29,casado,no
786,60,37,casado,no
2436,18,57,casado,sí
1374,36,44,casado,no
2876,36,45,casado,no
3154,48,38,casado,no
3034,60,39,casado,no
2111,18,30,casado,no
2219,24,33,separado,no
3132,36,27,soltero,no
3146,24,48,casado,no
4208,48,25,casado,sí
1479,36,25,casado,no
2963,12,45,viudo,sí
3562,60,22,soltero,no
3216,48,30,soltero,no
222,60,37,casado,no
2911,48,48,casado,sí
3057,12,32,casado,sí
3993,60,33,casado,sí
3621,60,38,casado,no
2926,24,26,soltero,no
1793,60,51,casado,no
68,60,37,casado,no
2194,48,38,separado,no
4334,36,28,soltero,no
743,24,34,casado,no
1264,48,27,soltero,sí
2795,42,27,soltero,no
4228,60,35,casado,no
3723,48,39,casado,sí
3955,60,38,casado,no
1945,60,26,soltero,no
579,48,40,casado,no
3412,36,21,soltero,sí
1478,48,38,casado,no
3064,36,37,casado,sí
1781,60,28,casado,no
3606,24,35,casado,no
729,48,55,casado,no
1515,48,25,soltero,no
3130,60,30,casado,no
85,60,38,casado,no
2896,48,57,casado,sí
887,36,46,casado,sí
4126,24,61,casado,no
3352,60,53,casado,sí
3567,60,25,soltero,no
1043,48,53,casado,no
1633,48,28,soltero,no
2019,36,24,soltero,no
2787,60,44,soltero,sí
1695,48,60,casado,no
2193,60,38,casado,no
3005,60,31,soltero,no
1511,48,45,casado,no
1058,60,39,casado,no
2707,60,34,casado,no
4252,60,40,casado,no
1630,60,43,casado,no
4033,60,42,casado,no
1900,60,49,casado,sí
1854,48,22,soltero,no
1289,36,43,casado,no
1891,60,34,casado,no
271,60,30,separado,no
3450,60,21,casado,no
3610,60,44,casado,no
4451,60,46,casado,no
1456,36,19,soltero,sí
1999,60,28,soltero,no
313,60,25,casado,no
1648,48,39,casado,no
544,60,39,casado,no
3778,48,27,casado,sí
3620,60,26,casado,no
1676,24,44,casado,no
788,60,47,casado,no
3891,60,21,soltero,sí
3431,24,21,soltero,no
2226,48,25,casado,no
240,24,42,soltero,no
3766,48,23,soltero,no
4082,18,40,casado,no
2971,60,35,casado,no
4038,60,24,casado,no
2132,60,34,casado,no
2994,60,44,casado,no
4374,48,34,separado,sí
2230,60,35,viudo,no
449,48,28,casado,no
781,60,43,casado,no
178,60,34,casado,no
2862,36,27,soltero,no
4266,60,30,casado,no
4372,36,43,casado,no
1209,12,35,casado,sí
3790,60,26,casado,no
4355,48,52,casado,no
2342,60,31,casado,no
825,36,42,casado,no
3826,6,39,casado,no
2534,54,38,separado,no
747,36,49,casado,no
662,60,33,casado,sí
255,42,34,casado,no
50,36,52,casado,no
2482,60,28,casado,no
4290,60,27,casado,no
3222,60,47,casado,no
4140,60,22,casado,sí
98,60,54,viudo,no
498,36,40,soltero,sí
4157,60,31,casado,no
1370,48,20,soltero,no
4165,36,37,casado,sí
3797,36,40,separado,no
3961,12,29,soltero,no
36,24,62,casado,no
1254,60,31,divorciado,sí
1414,48,40,casado,no
4383,36,33,casado,no
3288,36,30,soltero,no
3688,48,34,casado,no
2050,24,32,soltero,no
1740,60,21,soltero,no
516,60,43,casado,no
2561,60,46,casado,no
2074,36,27,casado,no
4304,36,27,casado,no
3191,36,30,casado,no
277,48,28,soltero,no
1758,36,32,casado,no
3080,60,58,casado,no
4329,60,51,casado,no
3045,48,28,casado,no
798,60,34,soltero,no
2750,48,40,casado,sí
2523,60,26,soltero,no
4189,36,60,separado,no
2498,60,23,soltero,sí
561,36,51,separado,no
3091,30,30,soltero,no
1044,36,32,soltero,no
4178,60,48,casado,sí
195,36,48,casado,sí
1963,24,55,casado,no
657,60,27,soltero,no
2763,36,24,soltero,sí
3284,42,32,casado,no
4313,60,41,casado,no
4441,42,41,casado,no
567,60,31,casado,no
3268,60,39,casado,no
624,60,38,casado,no
3099,48,26,separado,no
474,60,26,casado,no
4200,36,33,casado,no
2751,42,21,soltero,no
420,48,25,soltero,no
4402,36,36,casado,sí
243,36,42,casado,no
114,36,39,soltero,no
2429,60,58,casado,no
595,18,39,casado,sí
2442,36,42,casado,no
2978,30,54,casado,no
284,36,32,casado,no
3841,48,40,casado,sí
3548,48,37,soltero,no
3017,60,36,soltero,no
2214,24,20,soltero,no
1899,36,44,casado,no
2521,36,56,casado,sí
1261,60,39,casado,no
1283,60,39,casado,no
1317,36,57,casado,no
1795,60,26,casado,no
2680,60,41,casado,sí
4268,60,53,separado,no
88,60,53,casado,no
2991,36,27,casado,no
191,24,27,casado,no
2394,36,36,casado,sí
4137,24,26,soltero,sí
3496,30,44,casado,no
468,60,40,casado,no
787,36,27,soltero,no
696,36,37,casado,no
3814,36,51,casado,no
4166,48,53,casado,no
4199,36,47,casado,sí
917,48,52,casado,no
3353,60,31,casado,sí
3893,60,34,soltero,no
2122,60,47,casado,no
463,48,29,separado,no
3855,60,37,soltero,no
384,48,18,soltero,no
2917,24,53,casado,no
3093,60,54,casado,no
1750,60,34,casado,no
1930,60,33,casado,no
2732,60,38,casado,sí
3311,60,24,soltero,no
1650,36,27,separado,no
3777,60,33,soltero,no
3852,48,32,soltero,sí
83,36,29,casado,no
2573,36,41,casado,no
895,60,37,casado,no
1523,48,34,soltero,no
3879,60,32,casado,no
2840,60,32,casado,sí
1149,48,64,casado,no
2454,60,40,casado,no
1855,36,54,casado,no
1419,36,36,casado,no
1073,60,62,casado,no
1212,60,49,casado,no
2221,48,43,casado,no
640,60,22,casado,no
3999,48,53,casado,no
4332,36,42,casado,no
3536,60,24,casado,no
1504,48,37,separado,sí
2271,60,24,separado,no
1784,60,31,casado,no
4240,48,30,casado,no
3839,60,24,soltero,no
2906,60,47,casado,sí
1226,60,42,casado,no
92,60,32,soltero,sí
2450,60,23,soltero,no
1976,60,54,soltero,no
3885,60,37,casado,no
1764,36,62,casado,sí
838,36,46,casado,no
3768,36,34,casado,sí
217,60,48,casado,sí
2985,48,57,casado,no
2185,36,42,casado,no
2090,60,27,casado,no
326,60,58,casado,no
2109,36,43,casado,no
2492,36,30,casado,no
1443,48,53,casado,no
1637,36,22,soltero,no
2037,60,37,casado,sí
3354,36,27,casado,sí
2047,48,28,casado,no
242,60,43,casado,no
79,36,55,casado,no
1084,60,34,casado,no
1228,12,40,casado,no
3220,60,32,casado,no
2003,36,26,casado,no
2960,60,32,casado,sí
3129,60,20,casado,no
251,48,35,casado,no
2677,60,34,soltero,no
3672,36,27,soltero,no
564,24,23,soltero,no
1562,36,43,casado,no
333,60,47,casado,no
4131,60,26,soltero,sí
45,60,43,casado,no
1425,36,24,casado,no
3385,60,29,casado,no
459,60,49,casado,no
1744,24,45,separado,no
735,18,57,casado,sí
797,60,27,soltero,no
3941,60,30,casado,sí
2773,36,36,casado,sí
107,36,24,casado,no
247,60,22,soltero,no
2779,36,37,soltero,sí
2828,36,66,soltero,no
2307,12,45,casado,no
1975,24,47,casado,no
3651,60,39,casado,no
3674,24,25,casado,no
2824,24,35,casado,sí
1982,48,53,casado,no
1773,60,31,soltero,no
1336,48,36,casado,no
171,48,55,casado,no
2133,60,27,soltero,no
2324,48,26,soltero,no
2879,60,29,casado,no
1800,48,36,casado,no
1274,60,41,separado,no
3661,60,39,soltero,sí
403,60,52,casado,sí
883,24,27,casado,no
3590,12,23,soltero,no
3265,60,25,casado,no
2493,48,39,casado,no
2913,36,27,soltero,no
495,60,34,casado,no
1189,60,36,casado,no
2256,36,24,casado,no
2902,60,54,casado,no
4161,48,40,soltero,no
1157,36,30,soltero,no
89,60,25,soltero,no
484,60,37,casado,no
1776,60,31,viudo,no
3596,48,53,casado,sí
4006,48,41,casado,no
3414,36,41,casado,sí
2190,36,36,casado,no
722,60,57,casado,no
1804,60,28,casado,no
2661,36,59,casado,no
248,36,27,soltero,no
94,36,38,casado,no
1272,48,25,casado,no
3734,60,56,casado,sí
3305,48,23,soltero,no
3984,60,42,divorciado,sí
3683,48,63,casado,no
3237,24,32,soltero,sí
3175,36,45,casado,no
1539,60,29,casado,no
1866,60,29,casado,no
138,60,37,soltero,no
2144,36,45,casado,sí
2870,36,50,casado,no
1474,48,26,soltero,no
3137,36,19,soltero,no
1859,36,28,casado,no
3058,48,60,casado,no
3076,60,21,soltero,sí
4032,60,33,casado,no
3063,24,33,casado,no
566,60,51,casado,sí
740,48,43,casado,no
4295,60,29,soltero,no
3391,60,33,soltero,no
3849,60,34,casado,no
3300,48,33,soltero,sí
2467,60,23,soltero,no
4065,60,45,soltero,sí
2086,60,55,casado,sí
3283,36,24,casado,sí
4214,48,63,casado,no
299,60,54,casado,no
3520,60,30,casado,no
1326,60,27,casado,no
490,60,28,soltero,no
1420,60,26,casado,no
648,24,63,casado,no
4238,12,27,soltero,no
1191,48,46,casado,no
1529,18,40,casado,no
2919,60,38,casado,no
2149,60,38,casado,no
4327,60,42,casado,no
2665,60,34,casado,no
214,36,22,soltero,no
1381,48,46,casado,no
139,60,31,casado,no
2051,60,50,casado,no
1951,18,31,casado,sí
1961,36,28,casado,no
2827,60,32,casado,sí
2119,48,31,casado,no
2207,60,28,divorciado,no
3127,60,31,casado,no
3178,60,35,soltero,no
2383,36,45,casado,no
770,48,43,casado,no
1346,60,33,casado,no
3908,60,33,casado,no
3189,60,41,casado,sí
2805,60,26,soltero,no
4292,60,31,casado,no
848,36,21,soltero,no
3078,60,35,casado,sí
2418,36,46,casado,no
2105,36,29,soltero,no
3411,48,22,soltero,sí
1352,60,29,soltero,no
1159,24,50,casado,no
3925,36,21,soltero,no
1263,60,51,casado,no
4344,60,34,casado,no
3684,60,51,casado,no
4109,60,53,casado,no
2000,48,27,casado,no
3711,60,38,soltero,no
1319,60,37,casado,no
3678,12,24,soltero,sí
3857,36,19,soltero,no
2171,12,21,soltero,no
674,60,26,casado,sí
1048,60,32,soltero,no
840,48,38,casado,no
3680,48,40,casado,no
4152,48,29,soltero,no
4256,60,37,casado,no
4401,60,24,soltero,no
899,60,34,casado,no
4095,60,25,soltero,no
1192,48,45,casado,no
4423,60,37,separado,sí
4069,36,43,casado,no
510,60,37,casado,no
802,60,23,soltero,no
1470,60,28,casado,no
572,36,25,soltero,no
1797,24,60,casado,no
1838,24,57,casado,no
230,60,21,soltero,no
771,60,38,casado,sí
1361,36,46,casado,sí
746,60,42,soltero,sí
2068,12,47,casado,no
3767,60,29,casado,no
1739,60,43,casado,no
1609,12,50,casado,no
2511,18,28,casado,sí
3507,60,24,casado,no
1253,60,34,casado,no
3345,36,32,casado,no
276,36,23,soltero,no
1624,36,26,soltero,no
1293,60,64,casado,sí
1635,48,60,casado,no
1120,60,24,soltero,no
3737,12,52,casado,no
257,60,28,casado,no
3377,60,35,soltero,no
100,60,52,casado,no
146,60,31,separado,sí
2585,60,31,casado,no
2867,48,22,soltero,no
574,48,36,casado,no
3103,48,53,casado,no
2622,36,33,casado,no
3018,60,35,casado,no
2241,60,52,casado,no
4299,60,60,casado,no
3532,60,34,casado,no
1229,36,28,casado,no
152,48,28,soltero,no
303,24,23,soltero,no
3100,48,49,casado,no
2653,24,34,casado,no
3108,60,26,casado,no
1741,60,19,soltero,no
2355,60,25,casado,no
1200,48,21,soltero,no
4129,60,22,casado,no
2890,48,33,casado,no
3238,36,42,casado,no
3997,12,55,soltero,no
1512,12,28,casado,no
4195,60,23,soltero,sí
3386,60,43,casado,no
2645,36,38,casado,no
4,60,24,soltero,no
2654,12,39,casado,no
603,60,40,casado,no
2439,36,40,casado,no
2402,24,46,casado,no
3408,48,31,soltero,sí
431,60,57,casado,no
461,60,34,casado,sí
3888,60,40,casado,sí
2100,48,36,casado,no
1853,36,51,casado,sí
876,60,36,casado,sí
1978,60,46,soltero,no
652,60,52,casado,no
1475,60,40,separado,no
1020,36,22,casado,no
3315,60,42,separado,no
1323,24,23,soltero,sí
594,60,30,casado,sí
1989,60,29,soltero,no
3987,60,28,casado,no
3639,60,38,casado,no
789,48,22,casado,no
206,36,45,casado,sí
3632,48,27,soltero,sí
1118,60,33,casado,no
4230,60,25,casado,no
1279,48,38,casado,no
142,36,33,casado,no
2139,36,55,casado,no
2008,12,27,soltero,no
3615,12,32,casado,no
4087,60,27,casado,no
3856,48,55,casado,no
2990,36,25,soltero,no
4023,60,41,casado,sí
3930,60,35,casado,no
1586,48,34,casado,no
4434,36,51,viudo,no
3123,12,34,casado,no
3187,48,43,casado,sí
2460,36,29,separado,no
528,60,29,casado,no
417,36,46,casado,no
4376,6,40,casado,no
3328,48,40,soltero,sí
3022,36,34,soltero,no
2121,60,44,casado,no
3384,60,47,casado,no
3818,60,27,casado,no
2304,48,26,casado,no
2928,48,37,casado,no
4215,60,36,casado,no
2949,60,34,soltero,no
2252,12,65,casado,no
3316,24,40,casado,no
192,36,48,casado,no
2125,60,29,casado,no
728,60,37,casado,no
2796,36,32,casado,no
2845,48,34,casado,no
76,60,38,casado,no
177,60,48,separado,sí
1365,12,60,casado,no
389,48,29,soltero,no
4349,48,33,casado,sí
268,36,30,casado,no
111,60,32,casado,no
1119,60,28,casado,no
721,60,38,casado,no
4202,60,39,soltero,sí
3016,60,38,casado,sí
3659,24,47,casado,no
26,36,54,casado,no
197,60,34,casado,sí
1131,36,25,soltero,no
15,18,21,soltero,sí
3313,18,27,casado,no
486,48,26,casado,no
3218,36,31,casado,no
1113,48,39,casado,sí
3780,24,26,soltero,no
3489,36,43,casado,no
1712,60,27,soltero,no
2165,60,24,casado,no
4124,18,40,casado,no
759,60,32,casado,no
2776,48,37,casado,no
2325,60,34,soltero,sí
941,60,26,casado,no
3072,48,25,soltero,no
336,60,28,casado,no
2138,60,22,soltero,no
2195,60,29,casado,no
1688,60,41,casado,no
2386,48,37,soltero,no
387,36,39,casado,no
246,60,25,separado,sí
3988,36,21,soltero,no
1372,60,34,casado,sí
2495,24,32,soltero,no
4409,48,55,casado,no
2191,60,26,soltero,no
57,60,26,soltero,no
2552,30,32,casado,no
2452,60,28,soltero,sí
1373,60,21,casado,no
282,36,39,casado,no
4067,60,25,casado,sí
1124,60,31,casado,sí
4029,60,50,casado,sí
1774,60,48,casado,no
2529,24,30,casado,no
2935,24,28,soltero,sí
4114,36,50,casado,sí
894,60,34,casado,no
3616,36,30,soltero,no
830,60,23,casado,no
2475,48,39,casado,no
1962,48,44,casado,no
3498,48,66,casado,no
3438,24,47,soltero,sí
351,60,52,casado,no
2684,60,27,casado,no
1000,36,54,casado,no
971,48,34,casado,no
2859,60,44,casado,no
767,6,42,casado,no
3128,60,36,casado,no
379,36,26,casado,no
96,36,41,casado,no
458,24,31,casado,no
1861,30,22,soltero,no
1591,12,41,soltero,no
2034,60,29,casado,sí
3989,60,27,casado,no
1109,60,41,casado,no
4041,60,34,casado,no
3388,60,34,casado,no
2297,36,31,soltero,no
3627,36,60,casado,no
755,60,57,casado,no
3779,24,44,soltero,no
346,60,36,casado,no
2674,60,43,casado,sí
3565,36,28,casado,sí
3424,36,28,casado,no
1162,60,28,soltero,sí
2483,48,56,casado,no
4123,48,36,casado,no
3994,18,25,casado,no
4417,48,65,casado,no
3905,48,31,casado,no
1007,48,54,casado,no
3366,60,27,soltero,sí
2017,48,28,casado,no
2364,24,29,soltero,no
3463,60,39,casado,sí
1872,36,28,soltero,no
439,48,33,casado,sí
2379,60,26,soltero,sí
1827,60,36,casado,no
1782,60,22,soltero,no
3935,48,36,casado,no
3490,48,25,casado,no
148,60,64,casado,no
3173,18,28,casado,no
3161,36,33,casado,no
2457,48,48,casado,no
719,12,25,casado,no
345,48,49,casado,no
685,60,33,casado,no
3125,60,51,casado,sí
1927,60,39,casado,no
2946,60,30,soltero,no
3946,24,44,casado,no
210,24,41,casado,no
4322,60,29,casado,sí
1946,48,25,soltero,no
3479,48,32,casado,no
877,36,43,casado,sí
3862,48,27,casado,no
1231,24,41,divorciado,no
3302,60,26,casado,no
2287,36,32,soltero,no
22,60,22,soltero,no
2966,60,27,casado,no
954,48,45,casado,no
1722,36,42,casado,no
4301,60,50,casado,no
839,60,28,casado,no
1606,60,28,soltero,no
1537,60,49,casado,no
460,60,27,casado,no
2380,54,31,casado,no
362,60,33,casado,sí
125,60,42,casado,no
2734,48,33,casado,no
2687,60,36,casado,sí
274,60,40,soltero,no
2432,24,41,separado,no
3789,60,31,casado,no
1351,48,27,casado,no
52,60,31,casado,no
3535,36,23,soltero,no
2459,36,44,casado,sí
3583,60,34,casado,no
951,60,23,casado,no
1078,60,31,casado,no
2378,36,31,separado,no
2621,48,27,casado,no
1071,24,37,soltero,no
1571,48,44,casado,sí
3182,60,24,soltero,no
754,60,44,casado,no
381,48,24,soltero,no
1912,36,51,casado,no
2251,24,46,casado,no
2456,48,55,viudo,no
948,36,33,casado,no
2029,36,30,soltero,no
4413,36,21,soltero,no
3105,36,25,casado,no
1307,36,41,casado,no
2690,48,46,casado,no
2264,60,38,casado,sí
2601,48,55,casado,no
1926,48,32,soltero,no
1305,60,36,casado,no
1713,60,43,casado,no
915,60,25,casado,no
3217,60,32,casado,no
184,48,42,casado,no
2428,36,32,casado,no
4106,48,50,casado,no
239,60,34,casado,no
1846,60,24,casado,no
3193,60,23,soltero,no
4052,48,22,casado,no
1780,60,28,casado,no
3788,24,50,casado,no
1634,60,41,soltero,no
4302,36,27,soltero,no
2602,36,37,casado,no
3039,30,21,soltero,no
2239,48,34,soltero,no
1097,60,57,casado,no
3712,48,18,soltero,no
3957,60,50,casado,no
1521,48,33,casado,no
3671,60,35,casado,sí
2360,60,39,casado,sí
716,60,36,casado,no
1028,60,31,casado,sí
3761,48,23,casado,no
3666,60,41,separado,sí
359,60,45,casado,no
3505,60,41,casado,no
3054,60,55,casado,sí
823,60,29,casado,sí
3556,48,55,casado,no
761,30,48,casado,no
4454,60,32,casado,no
3126,60,23,casado,sí
2070,48,30,casado,no
4291,36,35,casado,no
1666,48,35,casado,no
773,60,55,casado,no
4416,60,31,casado,sí
1009,24,29,casado,no
1455,60,32,casado,no
1038,36,38,casado,no
2549,42,49,casado,sí
3036,18,38,casado,sí
556,60,40,casado,no
1473,60,40,casado,sí
809,24,19,soltero,no
1948,12,30,soltero,no
4437,48,18,soltero,no
1202,60,32,soltero,no
1697,36,24,soltero,no
968,60,22,casado,no
3169,36,32,casado,sí
3405,48,45,casado,no
2832,48,42,casado,no
2255,36,56,casado,sí
850,60,38,casado,no
1394,36,32,soltero,no
25,60,51,casado,no
3364,48,44,casado,sí
3508,48,53,casado,no
1362,36,32,casado,no
2516,60,25,casado,no
1115,36,22,soltero,no
4059,60,40,casado,sí
1375,36,34,casado,no
1667,48,37,casado,no
3442,48,42,casado,no
2775,60,22,soltero,no
291,36,26,casado,no
228,60,53,casado,no
2011,48,26,soltero,no
2685,60,56,casado,no
3248,60,22,soltero,no
2725,60,44,casado,sí
3564,36,37,casado,no
936,48,40,casado,no
51,60,28,casado,no
2524,60,40,casado,no
885,60,29,casado,no
321,48,31,casado,no
598,48,42,casado,no
4306,36,24,casado,no
4117,48,34,casado,no
3969,60,33,casado,no
1357,48,39,casado,no
2891,36,53,casado,sí
1090,36,32,casado,no
2688,48,46,casado,no
726,24,26,soltero,no
3419,24,41,casado,no
1940,60,46,casado,no
2310,48,45,casado,no
2392,60,38,casado,sí
2348,60,36,casado,no
1093,48,26,casado,no
1522,48,33,casado,no
2942,24,40,soltero,no
1057,60,46,casado,no
1004,36,20,soltero,no
2591,48,41,casado,no
1224,60,33,casado,no
2290,24,55,casado,no
3823,60,30,casado,sí
1877,48,36,casado,no
2746,60,26,casado,no
1089,60,28,casado,no
2885,6,52,casado,no
1803,36,26,soltero,no
31,48,29,casado,no
1717,36,23,casado,no
2315,36,42,separado,sí
3810,24,44,casado,no
1857,18,31,casado,no
3449,60,34,casado,no
1755,60,30,casado,sí
546,36,37,casado,no
3160,24,60,casado,no
2010,60,47,soltero,sí
2181,36,23,soltero,sí
3754,60,45,casado,no
1321,60,24,casado,no
1902,60,31,casado,no
1580,48,22,casado,no
1587,60,32,casado,sí
2729,36,32,casado,no
2268,60,40,casado,no
1694,60,22,soltero,no
1061,60,39,casado,no
1431,24,46,casado,no
900,60,30,separado,no
896,36,37,casado,no
199,36,35,casado,no
3727,60,48,casado,no
4102,60,25,casado,no
2611,60,25,soltero,no
3872,60,25,soltero,no
1318,60,26,casado,no
1325,60,36,casado,sí
3314,60,30,casado,no
393,60,38,casado,sí
1994,48,51,casado,no
1399,18,43,casado,no
969,60,53,casado,no
1600,60,43,casado,no
456,48,37,viudo,no
1885,36,50,casado,no
4197,36,44,casado,no
1910,60,36,casado,no
86,24,24,soltero,no
3558,48,45,casado,no
756,60,25,casado,no
1847,48,47,casado,no
1258,36,22,soltero,no
2487,48,29,casado,no
3448,18,25,soltero,no
4418,36,54,casado,sí
72,60,46,casado,no
1031,60,36,casado,no
1387,60,39,casado,no
1644,60,27,casado,no
2408,12,66,casado,no
3116,36,45,casado,sí
1304,48,36,casado,no
2740,60,30,casado,no
3321,36,30,casado,no
507,48,52,casado,no
2368,60,46,casado,no
361,60,26,casado,no
3394,36,66,casado,no
3689,60,24,soltero,no
1238,48,18,soltero,no
506,48,31,soltero,no
1822,60,21,soltero,no
1765,12,34,casado,sí
2662,48,46,casado,no
4424,60,31,casado,no
1029,24,26,soltero,no
3793,48,26,casado,no
329,60,27,casado,no
866,36,52,casado,no
2173,60,53,separado,no
3202,60,49,casado,no
1893,18,47,casado,sí
2846,24,37,soltero,no
435,60,28,casado,no
4342,60,35,separado,no
1183,60,34,casado,no
2470,36,40,casado,sí
3605,60,56,casado,no
2465,24,40,casado,sí
1076,36,32,casado,no
1629,48,30,soltero,no
1915,36,23,casado,no
4133,24,51,casado,no
570,36,52,casado,no
2263,60,62,casado,no
3566,36,39,separado,no
2644,12,28,casado,no
2950,36,29,soltero,no
3944,60,34,soltero,no
1610,48,33,casado,no
523,36,43,soltero,no
1172,48,29,casado,no
2741,48,37,casado,no
785,18,50,casado,no
1284,60,39,casado,sí
2912,60,56,casado,no
3340,48,23,soltero,no
2934,24,49,casado,no
476,48,31,casado,no
116,36,32,casado,no
4452,24,37,casado,no
1528,36,21,soltero,sí
677,60,51,casado,no
1972,36,24,soltero,no
4139,48,48,casado,no
4237,36,52,casado,sí
2875,60,53,casado,no
631,36,38,casado,sí
1936,24,51,casado,sí
3106,60,38,casado,sí
4004,60,48,casado,no
3970,48,49,viudo,no
3102,54,29,casado,no
4145,60,28,casado,no
4280,24,34,casado,sí
3460,48,62,casado,no
2198,60,30,soltero,no
422,36,43,casado,no
1568,48,49,casado,no
782,36,23,casado,no
1599,60,32,casado,no
4049,48,24,casado,no
1241,60,28,casado,no
3289,24,28,soltero,no
2419,60,36,casado,no
3705,18,28,casado,sí
2071,48,39,casado,sí
3347,48,37,casado,sí
2667,48,56,casado,no
545,36,42,casado,no
4289,12,56,viudo,no
4160,60,50,casado,no
2772,36,47,casado,no
1876,24,38,casado,no
3407,36,39,casado,no
2318,60,35,casado,no
3730,36,33,soltero,no
3421,12,46,casado,no
65,36,35,casado,no
1134,60,42,casado,no
1783,12,52,casado,no
3741,54,54,viudo,no
2887,36,28,casado,no
1025,60,28,casado,no
1563,36,62,casado,no
1710,48,21,soltero,no
1987,48,44,casado,no
1973,36,33,casado,sí
2445,48,42,casado,no
186,60,46,casado,no
1747,60,27,soltero,no
1992,48,24,soltero,no
4206,60,25,casado,no
3243,36,37,casado,no
1342,42,33,casado,sí
3906,48,34,casado,no
1155,36,24,casado,no
2235,48,34,divorciado,no
872,48,36,casado,sí
3811,60,24,casado,sí
1327,24,37,casado,no
2915,60,31,casado,no
4043,60,64,viudo,no
1738,36,39,casado,sí
160,24,45,casado,no
2533,48,54,casado,no
669,60,30,casado,no
667,60,61,casado,sí
550,60,40,casado,sí
2716,60,41,separado,no
4138,60,34,casado,no
2480,60,30,separado,no
3771,60,36,casado,sí
1884,60,35,casado,no
3716,60,48,casado,no
1508,24,39,casado,no
3732,36,20,soltero,sí
4427,60,50,casado,sí
1132,36,27,casado,no
3549,60,43,casado,no
3021,12,41,casado,no
1068,18,26,soltero,no
455,36,47,casado,no
637,60,37,soltero,no
3348,48,30,soltero,sí
2566,36,37,casado,no
91,60,29,soltero,no
2754,30,30,casado,sí
483,54,24,soltero,sí
585,60,25,casado,no
4096,6,48,casado,sí
2937,36,51,casado,no
2976,60,52,casado,no
723,48,26,casado,no
3083,60,27,soltero,no
2588,48,26,casado,no
1541,48,25,soltero,no
962,12,32,casado,no
3939,60,54,casado,sí
1873,60,35,casado,no
3867,60,27,casado,no
334,60,38,casado,sí
2973,60,50,viudo,sí
2156,60,42,casado,no
777,60,41,casado,no
2894,24,29,casado,no
1817,18,52,casado,sí
913,60,42,casado,no
3591,60,53,casado,no
3205,60,38,casado,no
1636,60,54,casado,no
3707,36,28,casado,no
4264,24,24,soltero,no
614,48,42,casado,no
2918,48,53,casado,no
2982,48,30,separado,no
1550,36,44,casado,no
3919,36,22,soltero,no
2176,48,44,casado,no
1729,60,19,soltero,no
3686,24,39,casado,no
584,60,47,casado,no
1244,48,33,casado,no
512,48,32,casado,sí
3742,60,44,casado,no
2350,36,22,soltero,no
2921,48,21,soltero,no
751,60,36,casado,no
3135,48,50,casado,no
1334,60,24,soltero,no
3232,60,30,casado,no
1167,60,30,casado,sí
4001,48,31,casado,sí
2302,36,41,casado,no
3439,12,32,casado,no
2514,24,36,casado,no
586,60,50,casado,no
3183,48,25,casado,sí
2500,18,20,casado,no
2784,60,48,viudo,no
907,60,25,casado,no
4089,60,31,casado,no
3722,36,38,casado,no
485,60,43,casado,no
2043,36,29,soltero,sí
818,60,37,casado,no
1935,48,25,soltero,no
1801,60,29,soltero,no
627,60,31,casado,no
654,60,29,casado,sí
763,36,36,casado,sí
2067,60,25,soltero,sí
698,24,49,soltero,no
1955,36,30,casado,no
2801,60,34,casado,no
1338,18,22,soltero,no
3634,48,45,casado,no
272,12,30,casado,no
4419,60,35,casado,no
1223,36,47,casado,no
853,60,60,casado,no
656,60,35,casado,no
2272,36,46,casado,no
3714,18,38,casado,no
4003,60,33,casado,sí
4446,60,50,casado,sí
4030,36,26,casado,no
2343,60,24,soltero,no
2692,36,54,casado,no
3337,60,26,casado,no
582,60,26,soltero,no
145,60,40,casado,no
3051,60,23,soltero,no
202,48,46,casado,no
290,60,38,casado,no
1670,48,20,soltero,no
804,24,25,soltero,no
1432,48,39,casado,no
2864,60,50,viudo,no
4143,60,47,casado,no
2004,48,34,casado,no
2936,60,32,divorciado,no
1243,60,25,casado,sí
332,60,59,casado,no
1469,36,29,casado,no
980,24,22,soltero,no
710,60,23,soltero,no
2443,24,23,soltero,no
1309,60,43,casado,no
3599,36,23,soltero,no
1087,60,47,casado,no
1736,36,39,casado,no
3197,24,27,soltero,no
666,60,26,casado,no
454,36,23,soltero,no
1638,30,38,casado,no
501,60,56,casado,no
1306,36,45,casado,sí
3053,60,45,casado,no
940,48,38,casado,no
1965,60,40,casado,no
3416,36,32,casado,sí
2767,60,43,casado,no
690,60,36,soltero,no
4368,60,38,casado,no
3206,36,45,casado,no
2532,60,41,casado,no
519,36,27,soltero,no
2024,24,63,viudo,no
3831,48,21,soltero,no
868,60,47,casado,no
1619,60,37,casado,no
4270,36,31,casado,no
37,24,56,casado,no
1743,36,30,casado,sí
600,60,43,soltero,no
3101,36,23,casado,no
1055,12,34,casado,no
1011,60,57,casado,no
3234,60,32,casado,no
1867,60,48,casado,sí
938,60,32,casado,no
3858,60,21,soltero,no
3096,60,58,casado,sí
3370,36,26,soltero,no
1333,48,28,soltero,no
3964,48,28,casado,no
3992,36,42,casado,no
1554,60,33,casado,no
180,12,44,casado,no
163,36,36,soltero,sí
3845,60,30,casado,no
1576,48,26,soltero,no
4448,60,49,casado,no
541,36,30,casado,no
1107,60,55,casado,no
1452,60,23,soltero,no
2637,60,24,soltero,no
4099,60,35,casado,no
2413,24,23,soltero,no
3478,36,45,casado,no
11,48,34,casado,no
752,24,62,casado,no
2296,36,55,casado,no
3495,12,26,soltero,no
2697,48,33,soltero,no
2319,36,26,casado,no
470,60,26,casado,no
2632,60,36,casado,sí
3271,36,37,casado,sí
1422,60,26,casado,no
4382,36,45,casado,no
4362,60,53,casado,sí
3023,36,53,viudo,no
2249,60,27,casado,no
3165,24,42,casado,no
2305,48,34,casado,sí
3374,12,30,casado,sí
1461,18,37,casado,no
193,60,33,casado,no
4169,48,24,soltero,no
2710,24,45,soltero,no
1818,36,26,casado,no
996,60,59,casado,no
1246,36,44,casado,no
3262,60,56,casado,sí
409,60,33,casado,no
757,48,30,casado,no
307,60,50,casado,sí
532,48,37,soltero,no
61,60,28,casado,no
3769,24,30,casado,no
1006,60,51,casado,sí
3209,60,29,casado,no
3641,48,35,casado,no
120,48,39,separado,no
2628,48,53,casado,no
2693,48,38,casado,no
548,60,42,casado,no
4438,18,37,casado,no
3012,48,46,casado,no
2416,36,21,casado,no
2635,36,38,casado,no
1810,60,37,casado,sí
2748,36,34,casado,no
2494,48,57,casado,no
3382,60,44,casado,no
122,60,25,casado,no
4061,54,27,casado,no
1986,60,55,casado,no
1349,36,24,soltero,no
1590,60,26,soltero,no
1967,60,30,soltero,no
4015,60,59,casado,no
3902,48,26,soltero,no
2520,60,32,casado,no
424,48,40,casado,no
4066,60,24,casado,no
1544,36,43,casado,no
3200,60,26,casado,no
1628,60,39,casado,sí
1100,60,44,casado,no
1248,24,55,casado,no
3453,36,43,casado,no
3239,60,43,casado,no
2737,24,64,casado,sí
1170,36,28,casado,no
2143,36,35,casado,sí
221,60,46,casado,no
1933,12,22,soltero,no
3726,48,30,casado,sí
3420,36,31,casado,no
3293,42,52,casado,sí
4420,60,27,soltero,no
238,48,49,casado,no
4325,60,28,soltero,sí
2983,36,35,separado,no
3517,36,26,soltero,sí
3087,60,55,casado,no
3028,60,24,casado,no
4218,36,47,casado,sí
2179,36,42,soltero,no
2904,36,53,casado,no
620,48,19,soltero,no
764,24,47,casado,no
1235,48,40,casado,no
970,24,47,casado,no
207,48,29,casado,no
3866,60,23,soltero,no
3112,24,36,casado,no
153,60,59,casado,no
3447,60,54,viudo,sí
3863,48,29,casado,no
3152,24,29,soltero,no
301,60,25,casado,no
922,60,22,soltero,no
4037,60,24,casado,no
2959,60,25,soltero,no
254,60,34,casado,no
1314,60,36,separado,sí
2217,36,43,casado,no
296,60,30,casado,no
2536,48,41,casado,sí
1678,60,24,soltero,no
4190,60,60,casado,no
2441,60,30,casado,no
4305,60,57,casado,no
2844,48,41,separado,no
2702,48,40,casado,sí
1898,36,54,casado,sí
2537,60,45,casado,no
1557,60,41,casado,no
40,60,64,casado,no
2528,60,28,casado,no
59,24,63,casado,no
2469,60,40,casado,no
201,60,28,soltero,no
730,60,38,casado,no
374,60,27,casado,no
401,48,24,casado,no
2543,36,33,separado,sí
805,60,38,casado,sí
2421,60,40,casado,sí
410,60,54,casado,no
921,60,46,casado,sí
2384,36,39,casado,no
1050,60,51,casado,sí
1770,36,50,casado,no
331,48,40,casado,no
3587,60,49,casado,no
3805,60,46,soltero,no
999,60,42,casado,no
1056,60,22,soltero,no
316,30,34,separado,no
3592,60,24,soltero,no
2954,36,50,divorciado,no
39,54,36,casado,no
974,12,22,soltero,no
3853,48,29,soltero,no
856,36,48,casado,sí
2927,36,33,casado,no
1570,36,35,casado,no
1772,48,39,separado,no
3334,36,19,soltero,no
2756,60,61,casado,no
2218,60,58,casado,sí
2291,6,59,casado,no
3560,36,39,casado,no
1794,48,53,casado,no
2127,36,28,casado,no
2468,36,49,casado,no
2909,12,41,casado,no
1547,36,36,casado,no
1532,36,29,soltero,no
2103,36,29,soltero,no
1931,48,36,casado,no
3085,60,22,casado,no
1440,60,33,soltero,no
4167,60,28,divorciado,sí
2284,48,28,separado,no
3601,60,28,casado,no
3272,36,23,casado,no
309,36,39,casado,no
2059,36,50,casado,no
1208,36,26,soltero,no
2742,60,45,divorciado,no
2129,60,52,casado,no
1789,36,19,soltero,no
2351,36,65,casado,no
4381,36,21,soltero,no
2208,60,29,casado,no
2849,12,27,soltero,no
2278,36,21,soltero,sí
1322,60,42,casado,sí
4108,60,26,casado,no
63,42,27,soltero,no
1303,24,59,casado,no
3198,36,30,casado,sí
298,18,66,casado,no
1080,48,37,casado,no
1711,48,23,soltero,no
1217,60,30,casado,sí
3245,48,39,casado,no
4440,60,38,casado,no
1837,36,25,soltero,no
2730,24,40,casado,no
955,36,51,casado,no
2945,36,24,soltero,no
1960,24,54,casado,sí
760,24,43,casado,no
176,36,29,soltero,no
2726,36,47,casado,no
3874,36,36,divorciado,no
2046,60,32,soltero,no
2114,36,51,casado,no
1911,48,36,casado,no
2091,36,22,soltero,no
4249,60,39,casado,sí
244,48,28,casado,sí
2098,48,20,soltero,no
1969,12,21,soltero,no
1507,48,37,casado,sí
2057,60,44,casado,no
182,36,51,casado,no
154,60,25,casado,no
4088,36,52,casado,no
734,60,52,casado,sí
3280,60,31,casado,no
2584,60,27,casado,no
1777,18,29,casado,no
3357,60,24,casado,no
957,60,22,soltero,no
2295,60,39,casado,sí
910,36,38,casado,sí
3923,60,22,soltero,no
1897,60,24,soltero,no
1665,36,19,soltero,no
286,48,58,casado,no
161,30,47,casado,no
731,60,24,casado,no
4272,48,41,casado,no
531,36,27,casado,sí
3223,48,56,casado,no
3938,60,60,casado,no
4005,60,58,casado,no
867,60,26,casado,no
1152,48,43,casado,no
2826,36,28,casado,no
1520,36,41,casado,no
3119,60,26,soltero,no
4333,36,41,casado,no
2666,24,28,soltero,no
2371,24,24,casado,no
4408,36,22,soltero,no
1727,24,23,casado,sí
814,60,42,casado,no
2854,36,42,casado,no
2733,60,47,casado,no
768,48,40,casado,sí
319,48,24,casado,no
3230,36,46,casado,no
3762,60,24,soltero,no
2088,48,32,casado,no
112,24,39,casado,no
3636,60,36,casado,sí
1199,18,35,casado,no
3537,12,61,casado,no
1579,36,59,casado,no
2427,60,48,casado,no
3903,60,34,casado,no
942,24,29,casado,no
984,60,34,casado,no
414,36,32,casado,no
2747,12,61,casado,no
906,60,55,casado,no
3934,36,20,soltero,no
3472,48,28,soltero,no
1871,36,40,casado,no
3481,18,48,casado,no
2113,60,25,casado,no
3625,60,30,casado,no
312,36,39,casado,sí
1075,60,37,casado,no
297,60,47,casado,sí
487,54,59,casado,no
2081,60,26,casado,no
1282,36,36,casado,no
1067,60,30,casado,no
2078,36,21,soltero,no
4236,60,53,casado,no
3677,24,38,casado,no
927,12,37,casado,no
1285,60,29,casado,no
4121,48,37,casado,sí
2833,60,42,casado,no
1273,60,34,soltero,no
3210,60,40,casado,no
1607,60,25,soltero,no
1488,60,24,soltero,no
2765,36,34,casado,no
2814,60,22,soltero,no
1278,60,20,soltero,no
1950,36,23,soltero,no
683,60,25,casado,no
2145,60,22,soltero,no
4168,36,59,casado,no
2682,36,23,casado,no
2223,60,34,casado,sí
1746,60,39,separado,no
2166,24,54,casado,no
2785,60,28,casado,no
1890,60,44,casado,no
2077,60,37,casado,no
4407,60,41,casado,sí
2789,6,30,soltero,no
744,60,30,casado,no
2882,60,34,casado,no
2028,36,25,soltero,no
1122,60,30,casado,no
2353,24,47,casado,no
1116,36,25,soltero,no
1296,30,58,casado,no
2321,60,54,casado,no
1979,36,24,soltero,no
4071,60,47,casado,no
1130,48,41,soltero,no
3301,60,46,casado,sí
3770,60,28,casado,no
1530,24,39,casado,no
2286,48,42,casado,no
2262,60,30,casado,no
4185,60,22,soltero,no
672,36,49,casado,no
77,12,37,casado,no
4056,60,36,casado,no
514,24,39,casado,no
1369,48,21,soltero,no
644,48,30,casado,no
2082,48,30,casado,no
3890,60,32,casado,no
2676,60,61,casado,sí
886,60,20,soltero,no
343,60,30,casado,no
540,24,31,casado,no
1063,60,49,casado,no
847,12,49,casado,no
2597,24,36,casado,no
4422,60,48,casado,no
869,18,31,casado,no
4225,60,30,casado,no
3570,48,31,soltero,sí
3020,60,40,soltero,sí
1698,36,45,casado,no
2749,24,23,soltero,no
1675,30,23,soltero,no
181,48,49,casado,no
3179,48,54,casado,no
2472,36,42,soltero,no
3749,60,26,casado,no
3875,36,60,casado,no
4436,48,26,casado,sí
4297,60,60,casado,no
4359,60,58,casado,no
2878,24,23,casado,no
3581,48,36,casado,no
433,48,60,viudo,no
842,60,24,casado,no
1423,24,44,casado,no
1064,24,46,casado,no
4027,60,43,casado,sí
121,60,50,casado,no
2347,60,49,casado,no
2340,30,22,soltero,no
4283,48,23,soltero,no
3755,48,25,casado,no
3940,60,31,soltero,no
629,60,55,casado,no
3695,36,24,casado,sí
2745,30,27,soltero,no
4260,36,24,soltero,no
953,60,38,casado,no
4097,60,50,casado,sí
1841,60,31,casado,no
1775,36,46,casado,no
4281,60,30,casado,no
4276,48,27,casado,no
1164,60,26,soltero,sí
3918,36,28,casado,no
2609,36,54,casado,no
3735,48,26,soltero,sí
3527,60,33,casado,no
3458,60,22,soltero,sí
2958,60,51,casado,no
2159,48,37,separado,no
832,60,27,casado,no
713,48,26,soltero,no
419,60,33,soltero,no
3473,18,40,casado,no
144,36,58,casado,no
4009,60,34,casado,no
2134,48,53,casado,no
4395,36,33,soltero,no
3757,48,46,casado,no
1187,36,52,casado,sí
4198,48,50,separado,no
3501,48,28,casado,no
2363,48,34,casado,no
413,60,31,casado,no
3638,24,54,casado,no
3088,12,24,soltero,no
3109,36,41,casado,no
3476,60,40,casado,no
801,48,36,casado,no
1308,24,30,casado,sí
2151,48,46,casado,no
322,48,63,casado,no
1659,60,40,casado,no
605,36,52,casado,no
2554,48,28,casado,no
2997,48,29,casado,no
1344,12,29,casado,no
4338,12,22,casado,no
1805,24,31,soltero,no
1690,30,61,casado,no
3392,48,59,casado,no
555,48,65,casado,no
3401,60,27,casado,no
3219,60,31,divorciado,sí
1300,12,22,soltero,no
3041,36,28,soltero,no
2961,60,28,casado,sí
4223,24,47,casado,sí
1627,48,28,divorciado,sí
1463,48,35,casado,no
2525,36,48,casado,no
3958,48,25,casado,no
3469,48,56,casado,sí
1376,48,40,casado,sí
2735,60,33,casado,no
699,48,27,casado,no
143,24,54,casado,no
2646,36,25,soltero,no
3162,36,22,soltero,no
3282,24,35,soltero,no
3916,60,40,casado,no
2695,60,33,casado,no
3153,60,38,casado,sí
1909,60,24,casado,no
3931,12,48,separado,no
912,48,22,soltero,sí
3736,60,27,casado,no
1486,24,63,casado,no
2713,60,63,casado,no
2503,60,40,casado,sí
538,36,39,casado,no
4352,60,38,casado,no
4316,60,31,casado,no
2006,36,49,casado,sí
3180,48,26,soltero,no
1454,60,29,casado,no
3033,48,44,soltero,no
1760,60,56,casado,no
21,60,25,soltero,no
3331,60,30,casado,no
3204,24,47,casado,sí
1714,60,56,casado,no
1203,36,34,divorciado,no
70,60,46,casado,no
442,60,28,casado,no
2362,24,27,casado,no
4035,60,38,soltero,no
1037,60,34,soltero,no
2657,48,36,casado,sí
2851,36,58,casado,no
4269,60,37,casado,no
3776,60,25,soltero,no
2817,48,24,soltero,no
2063,36,30,casado,no
4442,60,33,soltero,no
2346,60,49,casado,no
3493,48,47,casado,no
705,60,44,casado,no
697,60,36,casado,no
2022,36,27,casado,no
3327,60,48,casado,no
1280,48,49,soltero,sí
4288,36,35,soltero,no
3966,60,38,casado,sí
2544,60,44,casado,no
1424,36,30,casado,no
2178,60,31,casado,sí
959,60,51,casado,no
2069,12,60,casado,no
4303,36,48,casado,no
372,60,26,casado,no
933,36,33,casado,no
3177,48,31,casado,no
1786,60,25,casado,sí
3642,60,24,soltero,no
2509,60,21,soltero,no
406,60,31,casado,no
2578,60,38,casado,sí
1450,48,58,casado,no
689,48,32,soltero,sí
2908,36,56,casado,no
3859,60,25,casado,no
836,60,52,casado,no
1718,24,32,casado,sí
1709,60,26,casado,no
425,60,37,casado,sí
2675,36,51,casado,no
2577,60,42,casado,sí
1663,60,46,casado,no
2953,48,48,casado,sí
1267,60,36,casado,no
4110,24,58,casado,no
976,12,42,casado,no
780,48,62,casado,no
1227,24,45,casado,no
4179,24,25,casado,no
2721,36,30,soltero,no
1615,36,39,casado,no
1151,48,37,casado,no
3887,12,36,casado,no
4100,30,37,casado,no
35,36,35,soltero,no
3752,36,36,casado,no
4235,60,45,casado,sí
3910,60,41,soltero,no
3721,36,23,casado,no
1937,48,29,soltero,no
993,48,24,casado,no
2618,36,41,casado,no
1135,60,25,soltero,no
813,60,47,casado,sí
1464,36,28,soltero,no
2147,60,35,casado,no
1234,18,30,casado,no
41,48,31,soltero,no
3681,48,62,soltero,no
16,24,68,casado,no
2174,60,21,soltero,no
3459,36,23,casado,no
2759,60,40,casado,no
1639,24,57,casado,no
4182,36,40,casado,no
3383,48,41,casado,no
3464,60,34,casado,sí
1905,60,24,casado,sí
2689,6,42,casado,no
4078,36,43,casado,no
4331,48,28,casado,no
1996,36,28,casado,no
3545,48,29,casado,sí
708,24,47,separado,no
3825,60,19,soltero,no
3090,48,33,casado,no
649,60,25,casado,no
3254,48,53,casado,no
2820,36,22,soltero,no
1566,48,29,casado,sí
56,48,29,casado,sí
3522,60,24,soltero,no
1540,60,37,casado,no
492,60,48,casado,no
360,60,52,casado,no
3297,36,56,casado,no
964,12,65,casado,sí
3151,48,47,casado,no
1707,60,31,casado,no
3619,60,30,casado,no
4021,60,47,viudo,sí
168,36,32,casado,no
3196,36,53,casado,no
23,60,45,casado,no
4278,48,49,casado,no
3773,36,38,divorciado,sí
1787,60,51,casado,no
1331,18,52,casado,no
3624,36,38,casado,no
3827,60,30,casado,sí
636,60,21,soltero,no
3098,60,41,casado,no
2723,24,36,casado,no
2464,60,63,casado,sí
2706,48,28,soltero,sí
3744,24,20,soltero,no
1598,36,36,casado,no
3998,60,22,soltero,no
2373,12,51,casado,no
617,48,45,casado,no
978,60,49,soltero,no
1552,48,42,casado,no
4271,48,26,soltero,sí
2847,48,42,casado,no
