id,estado,antiguedad,vivienda
3299,bueno,6,alquila
426,malo,1,padres
1558,malo,5,propietario
3660,bueno,6,alquila
864,malo,0,propietario
3273,bueno,14,propietario
2857,bueno,7,padres
1990,bueno,10,alquila
1489,bueno,4,propietario
799,bueno,10,propietario
33,bueno,14,privado
4312,malo,14,privado
2435,bueno,6,padres
4064,malo,5,alquila
3070,bueno,6,propietario
1766,bueno,15,propietario
1240,bueno,20,propietario
3062,bueno,14,padres
2623,malo,1,propietario
604,malo,1,privado
3429,bueno,0,padres
2863,malo,0,alquila
1490,malo,7,padres
2679,bueno,3,padres
2395,bueno,2,padres
665,bueno,6,propietario
4232,bueno,22,propietario
3713,bueno,16,propietario
2678,bueno,3,padres
1728,bueno,2,propietario
4204,bueno,8,propietario
985,malo,0,propietario
204,bueno,10,propietario
3586,bueno,2,padres
174,malo,2,alquila
2568,bueno,2,padres
1219,bueno,4,alquila
1792,bueno,6,propietario
3494,bueno,0,otra
3738,bueno,10,padres
2643,malo,7,padres
2182,bueno,4,propietario
1892,bueno,35,otra
819,bueno,4,alquila
1290,malo,1,propietario
965,malo,1,alquila
1623,bueno,19,propietario
3462,bueno,5,propietario
2541,malo,8,otra
3141,bueno,2,propietario
3276,malo,3,propietario
2616,bueno,12,propietario
3746,bueno,4,alquila
196,bueno,21,propietario
3163,bueno,16,propietario
3253,malo,1,alquila
590,bueno,18,propietario
1339,bueno,2,padres
446,bueno,1,alquila
1041,bueno,0,alquila
622,bueno,20,alquila
1828,bueno,11,propietario
1436,malo,0,propietario
1255,bueno,2,propietario
3986,malo,2,padres
1824,bueno,13,propietario
3086,bueno,2,privado
2038,malo,10,propietario
1320,malo,14,propietario
106,bueno,8,propietario
1622,malo,0,alquila
3765,malo,1,alquila
1904,bueno,17,propietario
4443,malo,2,propietario
4265,bueno,5,propietario
4098,bueno,1,alquila
930,bueno,12,propietario
578,malo,0,privado
4174,bueno,5,padres
1640,bueno,10,propietario
3623,bueno,10,alquila
3014,malo,1,padres
3691,malo,1,propietario
2547,malo,0,alquila
253,bueno,5,alquila
109,bueno,5,propietario
4309,bueno,0,padres
1382,bueno,2,propietario
841,malo,1,alquila
3702,malo,1,alquila
1045,bueno,10,propietario
612,bueno,10,alquila
3110,bueno,20,padres
2136,malo,3,propietario
3413,bueno,18,propietario
608,malo,9,propietario
2786,bueno,1,padres
3577,bueno,22,propietario
2659,bueno,12,propietario
2530,malo,20,propietario
2855,malo,15,propietario
2769,malo,5,alquila
3144,bueno,2,propietario
3403,malo,4,alquila
1830,malo,1,alquila
338,bueno,3,privado
2309,malo,2,propietario
2141,malo,1,alquila
4341,bueno,3,padres
2228,malo,1,otra
2699,malo,1,propietario
3360,malo,30,alquila
2519,bueno,10,padres
1543,bueno,1,ignorar
2341,bueno,11,propietario
3877,bueno,10,propietario
673,malo,3,alquila
2479,bueno,2,propietario
480,bueno,7,alquila
3692,bueno,1,padres
3257,bueno,4,padres
3390,bueno,8,propietario
509,bueno,0,alquila
97,malo,22,otra
577,malo,4,alquila
2831,malo,3,propietario
3728,bueno,16,propietario
2403,bueno,0,propietario
2557,bueno,32,propietario
1601,malo,0,propietario
2349,bueno,6,propietario
2768,bueno,8,alquila
293,bueno,6,propietario
1645,bueno,8,propietario
2085,bueno,14,propietario
113,malo,20,propietario
2258,malo,0,alquila
2232,bueno,30,propietario
3292,bueno,2,padres
1141,malo,1,propietario
738,bueno,2,padres
4273,bueno,14,alquila
2986,malo,1,propietario
1245,bueno,3,propietario
1168,malo,0,otra
831,bueno,8,otra
3799,bueno,2,otra
1691,bueno,6,padres
4216,bueno,0,padres
739,bueno,0,privado
1790,bueno,17,propietario
2326,bueno,3,alquila
1005,malo,5,otra
583,bueno,5,alquila
249,bueno,3,padres
4324,bueno,2,alquila
3279,malo,10,padres
2317,bueno,1,propietario
4405,bueno,9,otra
1725,bueno,2,alquila
1751,malo,0,propietario
645,bueno,13,propietario
4019,malo,3,alquila
892,bueno,2,otra
4112,malo,2,privado
169,bueno,8,alquila
1391,bueno,3,alquila
3015,malo,3,privado
27,bueno,19,propietario
156,bueno,3,propietario
3250,malo,8,alquila
884,malo,2,alquila
3319,bueno,20,propietario
4014,bueno,0,propietario
3024,malo,0,alquila
2023,bueno,3,propietario
1040,malo,0,alquila
4101,bueno,16,propietario
2414,bueno,4,propietario
3937,bueno,0,otra
3038,malo,1,privado
2656,bueno,5,privado
3595,bueno,4,privado
2140,bueno,1,privado
543,bueno,10,propietario
529,bueno,1,propietario
1024,bueno,19,alquila
281,bueno,3,padres
4391,malo,6,alquila
4314,malo,2,otra
1194,malo,2,otra
3748,bueno,11,propietario
3751,malo,3,padres
3185,malo,0,propietario
1128,bueno,5,propietario
3008,bueno,20,propietario
2117,bueno,2,padres
4142,bueno,28,propietario
2433,bueno,10,padres
1154,bueno,11,propietario
1311,bueno,9,propietario
4371,bueno,12,propietario
1147,bueno,2,alquila
1617,bueno,7,propietario
2987,bueno,10,propietario
1233,malo,25,propietario
2244,bueno,2,propietario
3759,bueno,2,propietario
1018,bueno,8,padres
2056,bueno,16,propietario
90,malo,25,alquila
4410,bueno,6,propietario
2437,malo,0,alquila
1737,malo,12,alquila
386,bueno,10,alquila
1888,bueno,0,alquila
994,bueno,5,propietario
800,bueno,5,padres
99,bueno,30,propietario
1883,malo,0,otra
1173,bueno,4,alquila
589,bueno,3,propietario
554,bueno,30,propietario
935,malo,4,alquila
1146,bueno,4,propietario
1428,bueno,1,propietario
1934,malo,0,propietario
1928,bueno,28,propietario
650,bueno,3,alquila
1197,bueno,12,privado
3865,bueno,24,propietario
43,bueno,0,propietario
3820,bueno,0,padres
709,bueno,10,propietario
1081,malo,3,padres
2332,bueno,0,padres
3221,bueno,2,propietario
4203,bueno,2,padres
2505,bueno,2,otra
3719,bueno,14,propietario
4318,bueno,2,privado
2400,malo,13,alquila
1534,bueno,18,alquila
363,bueno,1,padres
4356,bueno,8,propietario
2700,bueno,16,propietario
2559,bueno,20,alquila
1796,bueno,2,padres
2600,malo,7,propietario
2097,bueno,0,propietario
421,bueno,0,otra
1484,bueno,1,propietario
1655,malo,1,padres
1577,bueno,8,propietario
4346,bueno,2,propietario
3840,bueno,0,padres
4040,malo,3,alquila
1545,bueno,40,propietario
1682,bueno,25,alquila
2630,bueno,1,alquila
1140,malo,10,propietario
3006,bueno,12,propietario
1535,malo,1,propietario
597,bueno,29,propietario
4229,malo,1,padres
647,bueno,2,propietario
159,bueno,5,otra
1582,bueno,8,privado
1404,bueno,5,propietario
3685,malo,3,alquila
989,malo,4,alquila
2871,bueno,12,padres
2703,bueno,3,propietario
4384,bueno,2,padres
1923,bueno,35,propietario
3830,bueno,6,propietario
979,bueno,8,propietario
4024,bueno,2,padres
1445,bueno,14,propietario
1281,bueno,2,padres
3637,malo,14,alquila
1096,bueno,2,padres
1815,bueno,15,propietario
1210,bueno,4,propietario
3593,bueno,1,propietario
857,bueno,4,padres
1705,bueno,0,otra
2339,bueno,4,alquila
232,bueno,6,alquila
1593,bueno,5,padres
2168,bueno,30,propietario
724,malo,2,otra
2794,bueno,5,padres
1611,bueno,1,alquila
3519,bueno,14,padres
2816,malo,3,alquila
2507,malo,2,privado
2670,bueno,8,propietario
3081,bueno,6,alquila
1125,malo,5,padres
3959,bueno,4,propietario
1806,bueno,1,alquila
447,bueno,0,padres
947,malo,4,alquila
4048,malo,0,alquila
1525,bueno,16,padres
262,bueno,18,alquila
2683,malo,0,alquila
1723,bueno,20,propietario
266,bueno,20,propietario
2076,malo,8,alquila
2884,bueno,3,otra
559,malo,0,otra
1142,malo,1,propietario
3673,bueno,7,padres
1239,bueno,4,propietario
4147,bueno,8,privado
3983,malo,2,alquila
1316,bueno,18,propietario
2633,bueno,13,otra
3117,malo,10,propietario
1332,bueno,15,propietario
607,malo,0,padres
1015,malo,0,padres
2202,bueno,8,alquila
3529,bueno,3,propietario
3308,bueno,3,propietario
3869,bueno,33,propietario
3968,bueno,0,propietario
3143,bueno,5,padres
105,malo,2,otra
283,bueno,10,propietario
368,bueno,7,alquila
3176,bueno,20,propietario
64,bueno,22,propietario
1802,bueno,0,padres
3609,bueno,16,propietario
3731,bueno,4,padres
3772,bueno,10,propietario
1845,malo,1,alquila
1605,malo,0,padres
1402,bueno,4,propietario
2424,bueno,1,propietario
3084,bueno,1,padres
3242,bueno,2,propietario
2192,bueno,5,propietario
4326,malo,2,padres
880,malo,0,alquila
1444,bueno,10,propietario
3107,bueno,19,propietario
2094,malo,6,alquila
1588,malo,11,propietario
3753,bueno,20,propietario
2449,malo,3,propietario
500,malo,2,propietario
2390,malo,3,propietario
1653,malo,4,alquila
1129,bueno,14,propietario
3579,bueno,5,propietario
1003,malo,0,propietario
2553,bueno,7,padres
2515,malo,2,alquila
2064,malo,0,alquila
2965,bueno,19,propietario
4429,bueno,6,propietario
2720,bueno,4,propietario
1565,bueno,2,privado
3318,malo,7,alquila
2405,bueno,6,alquila
3574,bueno,1,padres
2952,malo,11,propietario
3622,bueno,15,propietario
1983,malo,0,padres
2956,bueno,20,propietario
3047,bueno,11,propietario
3978,bueno,1,alquila
2892,bueno,1,propietario
3670,bueno,20,propietario
4251,malo,0,propietario
1870,malo,30,propietario
347,malo,4,padres
2850,bueno,3,padres
3614,bueno,10,padres
2488,malo,20,alquila
2790,bueno,13,propietario
3030,bueno,2,otra
2344,bueno,0,propietario
1831,bueno,0,propietario
2825,malo,4,propietario
733,malo,0,otra
3911,malo,0,privado
4094,bueno,3,propietario
2115,malo,12,alquila
3921,bueno,13,propietario
2007,bueno,15,propietario
46,bueno,1,padres
511,bueno,0,propietario
1551,bueno,5,alquila
576,bueno,2,propietario
102,bueno,2,alquila
4122,bueno,2,propietario
3963,bueno,3,padres
1592,bueno,8,propietario
1703,bueno,13,padres
803,bueno,15,otra
3907,bueno,15,propietario
553,bueno,40,propietario
707,bueno,12,padres
3531,bueno,47,propietario
3895,bueno,3,alquila
1509,malo,20,propietario
141,malo,13,alquila
2757,bueno,4,propietario
2061,bueno,13,propietario
149,bueno,10,padres
4084,bueno,16,propietario
236,bueno,25,propietario
3576,bueno,17,alquila
4222,malo,1,alquila
4163,bueno,6,propietario
2044,bueno,4,propietario
3837,bueno,2,alquila
2615,malo,2,propietario
2705,bueno,6,alquila
1030,bueno,10,propietario
1268,bueno,4,propietario
901,bueno,4,alquila
860,bueno,19,propietario
3069,bueno,40,propietario
4387,malo,0,padres
3894,bueno,0,padres
1412,bueno,8,propietario
3425,bueno,2,privado
2736,bueno,0,padres
3927,malo,3,propietario
3708,bueno,4,alquila
2205,malo,5,propietario
2104,bueno,1,alquila
3341,bueno,2,propietario
3854,bueno,0,padres
2738,bueno,15,padres
925,bueno,8,otra
3540,bueno,6,padres
3794,malo,20,otra
1220,malo,2,propietario
1500,bueno,3,padres
2246,malo,17,propietario
4050,malo,1,padres
438,bueno,6,propietario
3369,bueno,15,alquila
2374,bueno,6,padres
1270,bueno,2,padres
967,malo,1,alquila
108,malo,6,padres
4323,bueno,20,propietario
3980,malo,1,alquila
791,bueno,0,propietario
2170,bueno,18,propietario
1485,bueno,0,padres
565,malo,5,otra
179,bueno,20,propietario
3787,bueno,1,padres
3042,bueno,15,propietario
3798,bueno,8,propietario
3960,bueno,8,propietario
2288,bueno,29,propietario
3510,bueno,3,alquila
2087,malo,21,privado
4267,malo,2,padres
1017,malo,0,alquila
3399,bueno,1,padres
407,bueno,8,propietario
1499,malo,1,propietario
2998,bueno,15,alquila
3433,malo,2,alquila
2184,bueno,12,propietario
1984,bueno,17,propietario
2083,malo,3,privado
3003,bueno,5,propietario
2592,bueno,5,padres
1363,bueno,0,privado
69,bueno,9,propietario
593,bueno,12,padres
833,bueno,8,otra
350,bueno,2,propietario
3007,bueno,5,padres
477,bueno,2,alquila
475,bueno,1,propietario
3913,malo,0,alquila
67,bueno,10,propietario
702,bueno,4,alquila
3881,bueno,3,alquila
3578,malo,11,otra
2461,malo,4,alquila
1581,malo,2,alquila
1589,bueno,12,propietario
3809,bueno,2,padres
1393,bueno,0,otra
4274,bueno,15,propietario
1757,bueno,7,alquila
1681,malo,15,propietario
3572,bueno,31,propietario
3040,bueno,30,propietario
2099,malo,4,otra
792,malo,1,padres
2367,bueno,3,propietario
2209,bueno,0,alquila
2967,bueno,11,propietario
4127,bueno,19,propietario
3504,malo,2,alquila
390,malo,1,padres
2925,bueno,20,propietario
430,bueno,13,propietario
2889,bueno,5,propietario
3172,bueno,8,alquila
1213,malo,4,padres
655,malo,5,alquila
3445,malo,7,propietario
2328,bueno,1,propietario
934,bueno,10,alquila
1514,bueno,15,privado
591,bueno,22,propietario
1612,bueno,4,propietario
466,bueno,10,propietario
1378,bueno,1,alquila
47,bueno,1,propietario
1062,malo,6,alquila
62,bueno,8,alquila
4220,malo,0,propietario
4149,malo,7,padres
651,malo,1,padres
945,bueno,18,propietario
1997,bueno,1,propietario
2627,bueno,10,propietario
2803,malo,1,padres
3368,bueno,11,propietario
3981,bueno,12,alquila
1027,malo,3,propietario
826,bueno,0,propietario
2771,malo,10,privado
3168,bueno,1,propietario
4113,malo,16,alquila
2880,bueno,1,padres
3598,bueno,2,padres
3350,malo,10,alquila
1471,bueno,0,alquila
4060,bueno,25,propietario
2431,malo,2,alquila
200,bueno,24,propietario
3320,bueno,15,propietario
3676,bueno,16,propietario
2764,bueno,19,propietario
4080,bueno,3,alquila
1875,bueno,8,propietario
2474,bueno,5,alquila
2899,bueno,9,alquila
2381,bueno,20,propietario
4224,bueno,1,propietario
4363,bueno,24,propietario
241,malo,13,alquila
1287,malo,3,alquila
2248,bueno,3,propietario
2116,malo,14,propietario
4389,malo,0,propietario
2781,bueno,7,propietario
223,bueno,8,propietario
992,bueno,4,propietario
3145,bueno,3,propietario
467,malo,2,alquila
4002,bueno,14,propietario
1074,bueno,3,alquila
1395,bueno,4,alquila
1863,bueno,4,propietario
3838,malo,2,privado
2231,bueno,22,padres
2793,malo,3,padres
3150,bueno,16,privado
1095,bueno,2,propietario
2941,bueno,6,privado
1977,malo,0,otra
1971,bueno,2,alquila
1112,bueno,3,padres
2013,bueno,14,alquila
1354,malo,5,alquila
1085,malo,1,alquila
2920,bueno,11,alquila
2922,malo,2,alquila
808,bueno,20,alquila
3055,bueno,3,propietario
766,bueno,22,propietario
2914,malo,1,padres
2270,bueno,18,otra
2306,malo,2,propietario
3664,malo,1,otra
3166,bueno,2,propietario
827,bueno,1,padres
1230,bueno,1,padres
1903,malo,0,otra
2175,bueno,1,alquila
807,malo,2,privado
3912,malo,0,alquila
2484,bueno,8,alquila
3156,bueno,2,alquila
1447,bueno,3,padres
2625,bueno,7,propietario
3142,malo,2,padres
494,bueno,14,privado
1642,bueno,2,alquila
318,malo,1,alquila
4209,bueno,7,alquila
1127,malo,0,alquila
1559,malo,7,propietario
1692,bueno,10,propietario
2809,bueno,7,alquila
2813,bueno,8,padres
3417,bueno,7,propietario
4207,bueno,2,alquila
937,bueno,13,privado
2354,bueno,18,padres
2766,bueno,7,propietario
3046,bueno,3,alquila
749,bueno,1,padres
465,bueno,15,propietario
335,bueno,0,padres
1114,bueno,7,alquila
1993,malo,1,propietario
3974,bueno,20,propietario
2722,bueno,0,propietario
1176,malo,2,padres
2009,bueno,3,alquila
3346,bueno,1,padres
3786,malo,2,propietario
2933,malo,13,alquila
4435,bueno,6,padres
233,malo,4,alquila
60,bueno,14,propietario
4026,bueno,14,propietario
2106,bueno,7,propietario
2893,bueno,24,propietario
1088,bueno,3,privado
3675,bueno,7,privado
1835,bueno,3,padres
2571,bueno,1,alquila
762,malo,0,padres
875,bueno,8,otra
2014,bueno,5,propietario
117,malo,3,propietario
2415,malo,13,privado
2146,bueno,1,propietario
1573,bueno,3,alquila
1524,bueno,1,alquila
3113,bueno,2,otra
2698,bueno,11,propietario
4039,bueno,16,alquila
155,malo,0,padres
2501,bueno,14,alquila
370,bueno,2,propietario
2604,bueno,25,propietario
1687,malo,2,propietario
1799,malo,1,alquila
2760,bueno,9,alquila
2901,bueno,18,otra
2426,bueno,7,alquila
1836,bueno,18,propietario
3530,bueno,6,propietario
2999,bueno,8,privado
4175,malo,11,propietario
2663,bueno,3,propietario
2018,bueno,8,padres
1518,bueno,12,propietario
3929,malo,1,padres
203,bueno,19,propietario
4308,malo,3,padres
3422,bueno,1,propietario
2496,bueno,17,alquila
2581,bueno,2,alquila
1242,bueno,0,padres
991,bueno,2,padres
1641,bueno,16,propietario
2093,bueno,1,propietario
373,bueno,10,propietario
3184,bueno,0,propietario
3465,bueno,12,propietario
3140,bueno,3,privado
1731,malo,2,alquila
684,malo,15,propietario
634,bueno,20,otra
2512,bueno,8,propietario
1981,bueno,4,propietario
4058,bueno,13,propietario
1406,bueno,4,privado
358,malo,6,propietario
3043,bueno,10,otra
2932,bueno,2,propietario
3832,malo,3,padres
1953,bueno,30,alquila
1546,malo,0,otra
1156,bueno,1,padres
1340,bueno,4,propietario
5,bueno,0,alquila
1808,bueno,0,privado
1749,bueno,17,propietario
391,bueno,19,propietario
2951,malo,15,propietario
2701,bueno,20,propietario
3533,malo,5,padres
356,malo,1,otra
2641,bueno,8,privado
4211,malo,0,padres
3269,bueno,30,propietario
1180,malo,5,otra
3249,bueno,1,padres
1715,bueno,1,padres
1533,bueno,2,padres
688,bueno,2,alquila
3690,bueno,5,propietario
2629,bueno,20,propietario
3668,bueno,5,privado
2201,bueno,7,alquila
4118,bueno,40,otra
2866,bueno,3,propietario
2242,bueno,1,padres
835,bueno,22,propietario
432,malo,33,propietario
3851,bueno,5,otra
924,malo,3,propietario
3229,malo,20,propietario
4162,bueno,27,propietario
190,malo,9,alquila
4390,malo,2,alquila
879,bueno,1,propietario
1049,bueno,1,alquila
929,bueno,29,propietario
2556,bueno,10,alquila
2055,bueno,2,propietario
2039,bueno,20,alquila
3393,bueno,0,propietario
3009,bueno,5,padres
2282,malo,6,otra
3181,malo,10,privado
1388,malo,1,otra
3214,malo,5,padres
1922,bueno,11,propietario
865,bueno,6,padres
1720,bueno,0,privado
1411,bueno,2,otra
2799,bueno,19,propietario
3075,bueno,2,alquila
1193,bueno,25,propietario
1693,bueno,30,propietario
2580,malo,0,padres
1602,bueno,41,otra
1494,bueno,4,propietario
74,bueno,8,propietario
3436,malo,18,alquila
1657,malo,2,propietario
3569,bueno,6,propietario
3584,bueno,20,propietario
2222,malo,0,alquila
4432,malo,0,alquila
1337,bueno,4,propietario
2237,bueno,14,otra
3207,bueno,8,alquila
1684,bueno,28,propietario
4400,bueno,2,padres
2322,bueno,3,privado
1531,bueno,5,propietario
2169,bueno,15,propietario
2594,bueno,1,propietario
4366,malo,3,padres
3836,malo,0,privado
4219,bueno,8,propietario
3626,bueno,0,padres
4307,bueno,33,otra
795,bueno,1,propietario
3917,bueno,4,padres
4217,bueno,4,padres
3497,malo,2,padres
3654,bueno,22,propietario
3629,malo,2,padres
2080,bueno,6,alquila
3372,malo,0,alquila
4378,bueno,3,padres
2331,malo,1,propietario
3451,malo,25,alquila
353,malo,5,ignorar
557,malo,13,alquila
703,bueno,12,propietario
3149,malo,7,propietario
4180,bueno,3,alquila
2137,bueno,9,padres
4210,malo,2,padres
2620,bueno,10,propietario
670,bueno,12,propietario
704,bueno,10,alquila
2095,bueno,20,propietario
2981,bueno,20,otra
3231,bueno,1,propietario
1385,bueno,3,propietario
784,bueno,6,otra
2614,bueno,6,propietario
188,malo,13,otra
2888,malo,1,otra
1098,malo,0,otra
926,bueno,4,padres
1583,malo,10,padres
3001,malo,4,propietario
1929,bueno,2,propietario
2158,malo,2,propietario
4012,bueno,8,propietario
610,bueno,25,propietario
279,bueno,2,alquila
1501,bueno,6,otra
2189,bueno,3,propietario
1166,malo,3,propietario
515,malo,1,alquila
2478,bueno,10,alquila
571,bueno,0,padres
939,bueno,2,propietario
4055,bueno,8,propietario
3502,bueno,1,privado
2551,bueno,5,propietario
1396,bueno,0,padres
932,bueno,5,alquila
2861,bueno,20,alquila
280,bueno,2,padres
2430,bueno,19,propietario
4406,bueno,1,alquila
522,bueno,1,propietario
990,bueno,6,propietario
3484,bueno,6,privado
3585,bueno,7,propietario
1214,bueno,9,propietario
2409,bueno,26,alquila
2260,bueno,2,alquila
3653,bueno,10,propietario
851,bueno,2,propietario
2719,bueno,15,padres
3138,malo,1,padres
3307,bueno,8,padres
661,bueno,15,alquila
3432,bueno,3,propietario
642,bueno,3,alquila
2338,malo,1,otra
2539,malo,0,propietario
451,bueno,7,privado
2724,bueno,10,propietario
4431,bueno,3,propietario
3521,bueno,9,propietario
4128,bueno,15,propietario
4148,bueno,10,propietario
4156,bueno,0,padres
4444,bueno,1,propietario
1672,bueno,7,propietario
1205,bueno,10,alquila
758,malo,6,alquila
3208,bueno,4,otra
1392,malo,2,propietario
961,bueno,5,privado
2234,bueno,1,padres
1310,bueno,0,alquila
3607,bueno,23,propietario
30,malo,0,NA
812,bueno,24,alquila
1887,bueno,22,alquila
1294,bueno,2,alquila
3864,bueno,8,propietario
496,malo,3,propietario
4241,bueno,3,propietario
623,bueno,18,alquila
2658,bueno,0,propietario
1083,bueno,16,alquila
2233,malo,2,otra
1052,bueno,4,padres
1347,bueno,3,propietario
54,bueno,5,propietario
2126,bueno,14,propietario
1880,bueno,3,propietario
987,bueno,3,propietario
2108,bueno,15,propietario
3803,bueno,13,padres
352,bueno,11,propietario
3589,bueno,0,propietario
3167,bueno,7,alquila
3440,bueno,12,propietario
2417,bueno,5,padres
1759,bueno,1,padres
3878,bueno,4,alquila
664,bueno,5,propietario
1092,malo,4,padres
260,malo,0,alquila
613,bueno,10,propietario
817,bueno,30,propietario
3225,bueno,4,propietario
4425,bueno,6,propietario
1145,bueno,17,propietario
3312,malo,2,propietario
402,bueno,1,propietario
4044,bueno,3,otra
87,bueno,10,alquila
3052,bueno,3,propietario
398,malo,1,privado
4360,bueno,25,ignorar
1398,bueno,1,padres
3035,bueno,0,propietario
2868,bueno,4,alquila
1920,malo,1,alquila
960,malo,1,padres
3159,bueno,6,padres
3763,malo,1,ignorar
48,bueno,15,propietario
310,bueno,1,privado
3343,malo,1,padres
4321,malo,5,privado
2026,malo,4,privado
3199,bueno,2,propietario
2815,malo,0,otra
2804,malo,1,propietario
4186,malo,1,alquila
1907,bueno,20,propietario
4105,malo,6,padres
4315,malo,2,otra
3441,bueno,6,propietario
1656,bueno,7,otra
621,malo,11,alquila
1434,malo,10,propietario
1858,bueno,15,propietario
3541,bueno,15,propietario
3815,malo,6,propietario
123,malo,1,propietario
1291,bueno,19,alquila
1941,malo,11,padres
4404,malo,3,alquila
2565,malo,2,privado
377,bueno,3,propietario
995,bueno,1,padres
1878,malo,12,privado
4103,bueno,1,propietario
816,bueno,3,propietario
774,bueno,5,padres
1567,bueno,12,propietario
2308,bueno,7,propietario
2691,bueno,6,padres
2647,bueno,17,propietario
778,bueno,15,propietario
126,bueno,12,propietario
2128,bueno,5,propietario
2075,bueno,40,propietario
18,bueno,33,alquila
625,bueno,0,padres
342,bueno,8,alquila
3378,bueno,14,alquila
745,malo,9,propietario
619,bueno,6,propietario
1002,bueno,21,alquila
2130,bueno,2,alquila
2603,bueno,8,propietario
2289,bueno,4,alquila
452,malo,3,padres
3396,bueno,10,padres
132,malo,10,otra
635,bueno,10,propietario
3945,malo,0,propietario
440,bueno,25,propietario
14,bueno,19,privado
502,bueno,3,propietario
3922,bueno,8,propietario
2425,bueno,5,privado
3646,bueno,20,propietario
3648,bueno,3,padres
1405,malo,12,propietario
2576,bueno,10,propietario
918,bueno,13,alquila
42,bueno,24,propietario
1298,bueno,10,alquila
2651,malo,0,otra
2375,bueno,14,propietario
863,bueno,4,propietario
3338,bueno,3,propietario
1364,bueno,15,propietario
187,bueno,1,propietario
3514,bueno,15,propietario
2595,malo,10,propietario
3071,bueno,1,padres
2829,bueno,15,otra
1218,bueno,11,propietario
3544,bueno,18,propietario
133,bueno,8,propietario
4421,bueno,6,privado
2274,bueno,1,alquila
3898,bueno,2,propietario
530,bueno,16,propietario
327,bueno,23,propietario
4380,bueno,3,propietario
218,bueno,4,privado
1110,bueno,28,propietario
158,bueno,3,propietario
3764,bueno,11,propietario
1313,malo,2,alquila
700,malo,15,alquila
2821,malo,3,propietario
3387,bueno,4,propietario
2329,bueno,22,alquila
287,bueno,5,propietario
1886,bueno,2,alquila
1779,malo,1,otra
3710,bueno,4,propietario
1117,bueno,35,propietario
4248,malo,0,alquila
750,bueno,0,padres
2410,bueno,3,propietario
679,bueno,1,alquila
1595,bueno,16,propietario
3332,bueno,14,propietario
1427,malo,0,otra
520,bueno,10,propietario
524,malo,4,padres
3630,bueno,3,propietario
453,malo,2,alquila
150,bueno,2,propietario
2196,bueno,5,padres
3471,bueno,42,propietario
3418,bueno,3,propietario
2131,bueno,32,alquila
3133,bueno,6,padres
3552,bueno,0,padres
2027,malo,1,alquila
1812,bueno,14,propietario
748,malo,10,alquila
4125,bueno,13,propietario
3640,malo,11,alquila
1807,malo,0,alquila
718,bueno,15,otra
3871,bueno,0,alquila
4135,bueno,23,otra
1379,malo,1,alquila
742,bueno,11,propietario
3848,bueno,5,padres
3371,malo,1,alquila
736,malo,1,privado
3547,bueno,2,propietario
219,bueno,20,propietario
3824,bueno,16,propietario
1251,bueno,2,padres
4172,bueno,13,propietario
560,malo,1,alquila
2150,malo,2,privado
2448,bueno,11,alquila
3410,malo,1,propietario
3,malo,10,propietario
3032,bueno,9,alquila
3662,bueno,6,padres
3266,bueno,20,propietario
2708,malo,2,propietario
2177,malo,10,otra
275,malo,4,privado
3947,malo,8,otra
81,bueno,10,propietario
294,bueno,22,propietario
671,bueno,20,alquila
1042,bueno,9,propietario
325,bueno,5,padres
395,malo,1,propietario
3067,bueno,1,propietario
1614,bueno,5,propietario
3977,bueno,14,propietario
871,bueno,6,propietario
1985,bueno,7,propietario
137,bueno,4,propietario
1295,bueno,3,padres
4047,bueno,9,propietario
2606,bueno,0,alquila
889,malo,0,otra
2668,malo,5,alquila
4074,malo,8,propietario
1574,bueno,2,otra
2640,bueno,8,alquila
2841,bueno,14,propietario
2753,bueno,10,propietario
3435,bueno,5,propietario
371,bueno,0,alquila
1366,malo,0,otra
2257,bueno,2,padres
1174,bueno,16,propietario
1668,bueno,8,propietario
3286,malo,3,propietario
793,bueno,8,propietario
324,bueno,40,propietario
84,bueno,11,propietario
4075,malo,2,propietario
1849,bueno,15,propietario
367,bueno,17,propietario
3718,bueno,10,propietario
2345,bueno,17,propietario
3663,bueno,7,alquila
4205,bueno,3,propietario
908,bueno,6,alquila
1066,bueno,15,propietario
1482,malo,0,propietario
870,malo,3,propietario
4353,malo,0,padres
3701,malo,0,padres
1390,bueno,10,privado
3991,malo,6,alquila
2152,bueno,12,propietario
3669,bueno,22,propietario
3645,bueno,20,propietario
1260,bueno,38,propietario
3962,bueno,2,alquila
1719,bueno,0,propietario
2245,bueno,7,otra
2636,bueno,13,otra
3603,bueno,0,padres
2283,bueno,5,alquila
1022,malo,5,propietario
2366,bueno,30,propietario
3203,bueno,0,alquila
599,malo,3,otra
53,bueno,0,alquila
392,bueno,2,alquila
198,bueno,9,alquila
1417,bueno,14,padres
1249,bueno,20,alquila
1924,bueno,10,propietario
3534,malo,1,propietario
3758,bueno,0,padres
194,bueno,2,propietario
1943,bueno,15,alquila
73,bueno,14,propietario
3381,bueno,7,otra
1842,bueno,5,otra
12,bueno,7,propietario
3376,bueno,2,padres
4173,malo,2,propietario
405,malo,0,alquila
3729,bueno,15,propietario
1949,bueno,0,propietario
2808,bueno,0,propietario
2269,bueno,5,propietario
602,bueno,5,privado
2939,bueno,2,propietario
943,malo,0,padres
3555,bueno,15,propietario
3516,bueno,12,propietario
3423,malo,1,padres
3330,bueno,2,padres
2020,malo,15,propietario
2073,bueno,5,propietario
131,bueno,2,propietario
882,bueno,9,propietario
237,bueno,1,alquila
2389,malo,0,NA
3361,bueno,11,padres
3829,bueno,3,padres
1889,malo,18,propietario
898,bueno,2,propietario
375,malo,7,propietario
4397,bueno,25,privado
3546,bueno,0,propietario
2619,bueno,6,propietario
369,bueno,10,propietario
606,bueno,10,propietario
2092,bueno,6,propietario
4073,bueno,14,propietario
3488,bueno,20,padres
2313,bueno,7,propietario
4000,bueno,5,propietario
412,bueno,1,propietario
2096,bueno,3,alquila
3704,bueno,2,privado
2406,bueno,4,propietario
4287,malo,10,otra
4194,bueno,25,propietario
2337,bueno,0,padres
1916,bueno,15,propietario
4279,bueno,16,propietario
1160,bueno,0,padres
2962,bueno,9,alquila
2788,bueno,5,propietario
4144,bueno,9,alquila
3943,bueno,12,alquila
2800,malo,2,propietario
1879,bueno,1,alquila
4350,bueno,1,alquila
533,bueno,40,alquila
3336,malo,1,propietario
208,malo,1,padres
2398,bueno,5,propietario
1468,malo,6,propietario
4053,bueno,20,propietario
2660,bueno,14,propietario
1788,bueno,15,propietario
464,bueno,1,propietario
1441,malo,0,otra
587,bueno,5,propietario
1848,bueno,18,propietario
3551,bueno,18,propietario
1874,malo,8,otra
3467,malo,2,privado
3397,bueno,0,alquila
1597,malo,4,alquila
3362,bueno,25,alquila
2206,bueno,18,propietario
1329,bueno,6,alquila
4119,bueno,4,propietario
9,bueno,0,propietario
3550,bueno,3,propietario
261,bueno,2,propietario
4336,malo,1,padres
2227,malo,1,padres
1616,malo,0,otra
997,bueno,12,propietario
2320,bueno,3,padres
3050,bueno,4,propietario
2387,malo,20,alquila
2042,malo,2,alquila
4130,bueno,2,propietario
3538,bueno,8,privado
437,bueno,21,alquila
2648,bueno,3,propietario
3806,bueno,15,propietario
295,bueno,25,alquila
3679,bueno,0,propietario
4439,malo,8,propietario
4254,bueno,45,propietario
596,bueno,1,propietario
3807,bueno,24,propietario
1851,bueno,22,propietario
1947,malo,6,alquila
3698,bueno,20,propietario
1466,malo,3,padres
3427,bueno,20,propietario
1384,bueno,11,alquila
4184,malo,0,alquila
1932,bueno,2,alquila
911,bueno,11,alquila
4259,bueno,0,propietario
4430,malo,4,privado
4155,malo,10,propietario
3226,malo,2,alquila
3136,bueno,14,padres
658,malo,10,padres
2412,bueno,12,propietario
3644,bueno,1,propietario
1742,bueno,17,alquila
765,bueno,4,padres
3258,bueno,12,privado
270,bueno,15,propietario
4171,malo,33,alquila
4176,bueno,8,propietario
1059,bueno,2,padres
1010,malo,3,otra
1724,bueno,0,propietario
1763,bueno,9,propietario
3031,malo,6,padres
1257,bueno,13,propietario
1021,bueno,4,privado
3699,bueno,10,alquila
3048,malo,4,alquila
3333,bueno,3,padres
354,bueno,14,propietario
3455,malo,1,privado
2396,bueno,22,alquila
1844,bueno,4,padres
1685,bueno,0,propietario
3588,malo,4,alquila
2508,malo,0,propietario
2301,malo,2,alquila
2334,bueno,12,propietario
2486,bueno,15,padres
727,bueno,10,propietario
695,bueno,12,propietario
4263,malo,3,propietario
288,bueno,20,padres
2923,bueno,20,propietario
1035,bueno,5,privado
1816,bueno,15,propietario
3344,bueno,15,otra
2798,bueno,0,padres
330,bueno,10,propietario
3111,malo,2,privado
408,bueno,20,padres
3618,bueno,1,padres
3883,bueno,0,alquila
4034,bueno,2,alquila
224,bueno,4,propietario
3491,bueno,12,privado
3227,bueno,20,padres
450,bueno,2,padres
4348,malo,0,alquila
3844,bueno,25,propietario
4134,bueno,7,propietario
2279,bueno,15,otra
2527,bueno,0,propietario
1968,bueno,1,alquila
1181,malo,1,alquila
1256,malo,17,privado
1956,bueno,18,propietario
2135,malo,1,privado
1204,bueno,14,privado
1864,bueno,1,alquila
3121,bueno,20,propietario
2220,malo,5,otra
3122,bueno,0,padres
878,malo,4,propietario
1620,bueno,17,propietario
258,bueno,18,alquila
2830,bueno,0,padres
824,malo,10,alquila
2157,malo,0,alquila
1355,bueno,1,alquila
3068,malo,0,alquila
950,malo,2,propietario
3756,bueno,12,alquila
3506,bueno,14,propietario
1299,bueno,17,alquila
3949,bueno,10,propietario
3026,malo,0,otra
4221,bueno,3,propietario
1121,bueno,12,propietario
2212,malo,1,padres
2818,bueno,3,padres
488,bueno,30,alquila
2910,bueno,1,propietario
3733,bueno,2,padres
3942,malo,0,padres
1407,malo,9,padres
2838,bueno,7,propietario
2502,bueno,2,padres
2671,bueno,11,alquila
2774,bueno,9,otra
328,bueno,23,propietario
2979,bueno,25,propietario
58,bueno,4,padres
3060,bueno,2,padres
2438,malo,6,padres
2276,bueno,2,privado
2650,malo,9,alquila
1716,bueno,1,propietario
1834,bueno,25,privado
2639,bueno,0,alquila
4445,malo,6,padres
4262,bueno,13,privado
2411,malo,5,padres
641,bueno,11,propietario
3255,bueno,21,privado
3259,bueno,1,alquila
3511,bueno,15,propietario
3428,bueno,18,propietario
676,bueno,10,propietario
443,bueno,1,propietario
2856,malo,1,privado
2596,malo,4,otra
3158,bueno,13,privado
2810,bueno,1,otra
3667,malo,1,padres
1954,bueno,23,propietario
2631,bueno,8,alquila
1019,bueno,21,alquila
1732,malo,3,padres
166,malo,6,propietario
2101,bueno,4,propietario
1906,malo,1,padres
2369,malo,15,propietario
1345,bueno,40,alquila
2277,malo,6,propietario
2397,bueno,7,propietario
17,bueno,15,privado
4311,malo,12,otra
4449,malo,1,otra
3633,bueno,14,propietario
2123,bueno,14,propietario
1823,bueno,11,propietario
436,malo,3,propietario
811,malo,0,propietario
2164,bueno,19,propietario
2930,bueno,4,propietario
80,bueno,29,propietario
2992,bueno,4,otra
1662,bueno,7,privado
2247,bueno,1,otra
3211,malo,3,padres
3812,bueno,11,propietario
3861,malo,0,alquila
858,malo,1,padres
920,bueno,18,padres
3174,bueno,18,propietario
1519,bueno,25,alquila
3559,bueno,2,alquila
3406,bueno,6,padres
300,bueno,0,propietario
1914,bueno,0,otra
1798,malo,0,alquila
855,bueno,17,propietario
1860,bueno,2,padres
2066,bueno,17,propietario
3924,bueno,5,ignorar
471,bueno,17,propietario
1502,bueno,5,propietario
1034,bueno,2,alquila
521,bueno,4,alquila
3082,malo,0,propietario
1418,bueno,13,propietario
444,malo,2,otra
2777,bueno,24,propietario
2540,bueno,1,padres
3246,bueno,2,propietario
348,malo,0,propietario
919,bueno,5,propietario
2393,bueno,20,alquila
2199,malo,1,propietario
2797,bueno,2,otra
4234,malo,1,alquila
4294,bueno,1,padres
1813,bueno,28,propietario
2969,bueno,2,propietario
1186,bueno,5,alquila
1701,malo,0,propietario
3892,bueno,10,propietario
3870,malo,0,propietario
1437,bueno,5,alquila
2593,malo,2,alquila
1669,bueno,20,alquila
349,malo,2,alquila
3056,bueno,0,propietario
2060,malo,2,alquila
2243,bueno,12,propietario
2610,malo,1,propietario
4247,malo,1,padres
3655,bueno,5,alquila
1036,malo,43,propietario
4393,bueno,16,propietario
273,bueno,3,propietario
4367,bueno,4,alquila
2477,bueno,13,padres
2558,malo,14,propietario
2612,bueno,18,otra
3499,bueno,2,otra
3194,malo,2,propietario
3652,malo,0,otra
890,bueno,2,padres
205,bueno,19,propietario
118,bueno,12,propietario
1072,bueno,12,propietario
4150,bueno,5,propietario
385,bueno,3,propietario
2490,malo,0,otra
3380,malo,0,propietario
339,malo,35,propietario
400,malo,4,alquila
1077,bueno,4,propietario
1265,bueno,2,privado
2142,bueno,11,alquila
1106,bueno,0,propietario
3304,bueno,20,propietario
4296,bueno,26,propietario
1706,bueno,20,alquila
2266,bueno,15,propietario
852,bueno,0,padres
2526,bueno,10,padres
3252,bueno,8,padres
355,bueno,8,propietario
213,malo,4,otra
2275,bueno,22,propietario
2211,malo,0,alquila
3523,bueno,48,propietario
3355,bueno,0,propietario
2812,bueno,16,propietario
3951,malo,5,padres
32,malo,0,propietario
3782,malo,2,otra
394,malo,1,propietario
3256,malo,1,padres
4153,malo,3,privado
2995,bueno,0,padres
3700,malo,11,alquila
4233,bueno,1,propietario
3740,bueno,12,propietario
1608,bueno,11,padres
2964,bueno,1,padres
3697,malo,18,alquila
2843,malo,1,otra
28,bueno,15,propietario
1099,bueno,1,propietario
2569,bueno,16,alquila
1649,malo,6,alquila
376,bueno,18,propietario
3808,bueno,10,propietario
71,bueno,18,padres
3715,bueno,12,propietario
2327,malo,10,alquila
909,bueno,18,alquila
660,bueno,1,propietario
1247,malo,2,padres
2032,bueno,16,propietario
653,malo,11,alquila
949,bueno,0,padres
534,malo,13,propietario
3287,bueno,6,padres
2187,malo,2,propietario
3813,bueno,12,propietario
615,bueno,4,propietario
491,malo,3,propietario
1516,bueno,14,propietario
1652,bueno,5,alquila
418,malo,1,propietario
1603,malo,0,propietario
618,bueno,19,padres
104,malo,0,alquila
4351,bueno,15,propietario
1585,malo,1,propietario
3860,bueno,5,propietario
2330,bueno,11,propietario
2485,bueno,4,propietario
2835,malo,1,alquila
2499,bueno,0,padres
2548,bueno,10,propietario
3904,bueno,1,alquila
4018,bueno,3,propietario
3446,malo,2,padres
3094,bueno,1,otra
3792,malo,5,padres
1506,bueno,2,alquila
1756,bueno,23,alquila
1415,malo,20,propietario
3097,bueno,3,propietario
1032,bueno,3,propietario
1269,malo,2,alquila
706,bueno,3,alquila
2881,malo,5,propietario
2752,bueno,0,otra
157,bueno,8,alquila
1065,bueno,0,padres
1726,malo,0,otra
1944,bueno,6,propietario
2860,bueno,5,padres
1286,bueno,21,alquila
3027,malo,0,propietario
4373,malo,3,privado
1995,malo,0,otra
4227,malo,11,privado
3747,malo,3,alquila
977,bueno,5,padres
3247,bueno,13,propietario
1259,malo,4,padres
2642,bueno,4,otra
4146,malo,0,alquila
1236,bueno,3,alquila
229,bueno,12,propietario
3492,malo,2,otra
2782,bueno,8,privado
3061,bueno,22,propietario
646,malo,11,alquila
1001,malo,2,alquila
1410,bueno,13,propietario
1839,malo,28,propietario
3886,bueno,2,alquila
4399,bueno,25,propietario
1439,malo,0,alquila
1094,bueno,13,propietario
1430,bueno,8,propietario
3192,malo,0,privado
2686,malo,1,propietario
893,malo,5,propietario
1819,bueno,1,privado
1429,bueno,1,otra
2049,bueno,7,propietario
1460,bueno,1,padres
549,malo,1,padres
383,bueno,1,alquila
2728,malo,16,padres
2714,malo,6,padres
3928,bueno,0,padres
3775,malo,2,alquila
3019,malo,15,privado
2200,malo,0,ignorar
715,malo,9,propietario
2447,bueno,9,propietario
611,malo,19,propietario
1811,bueno,1,alquila
4083,bueno,1,propietario
493,bueno,4,propietario
903,bueno,1,padres
3553,bueno,3,alquila
1575,malo,20,propietario
4403,bueno,10,propietario
3461,bueno,0,propietario
873,malo,0,otra
1401,bueno,3,alquila
944,bueno,2,padres
2886,malo,4,alquila
3784,bueno,1,propietario
4025,bueno,3,padres
1150,bueno,14,propietario
2897,malo,0,propietario
29,malo,3,propietario
849,malo,13,propietario
1013,malo,10,padres
2555,bueno,0,propietario
3880,bueno,31,propietario
2898,bueno,7,propietario
1998,malo,0,alquila
1328,malo,1,alquila
3611,bueno,2,padres
1171,bueno,0,propietario
535,malo,7,alquila
2560,bueno,26,propietario
1913,bueno,15,propietario
172,bueno,11,alquila
1658,bueno,2,propietario
3013,bueno,10,propietario
2253,malo,0,alquila
225,bueno,4,propietario
1026,bueno,12,propietario
3487,bueno,10,propietario
1643,bueno,2,otra
448,malo,2,alquila
2238,bueno,3,alquila
1679,bueno,1,padres
2905,bueno,12,propietario
2285,bueno,14,alquila
252,bueno,21,privado
1938,bueno,3,propietario
151,bueno,15,propietario
4277,malo,1,privado
2280,malo,0,otra
1222,bueno,3,propietario
3134,bueno,6,privado
2626,malo,16,propietario
2102,bueno,8,propietario
259,bueno,15,propietario
3990,bueno,1,propietario
525,bueno,1,padres
185,bueno,19,propietario
4031,malo,7,propietario
2216,bueno,1,alquila
1569,bueno,9,alquila
3608,bueno,28,propietario
1991,bueno,1,otra
3796,bueno,19,propietario
2292,malo,8,propietario
3781,malo,7,propietario
1646,bueno,37,padres
340,bueno,3,propietario
2148,bueno,12,propietario
1069,bueno,1,propietario
3563,malo,4,alquila
2229,bueno,3,propietario
1564,malo,6,padres
3295,bueno,20,propietario
3833,bueno,1,propietario
1271,bueno,1,padres
3444,bueno,6,privado
4286,bueno,22,alquila
1869,bueno,17,padres
1276,bueno,1,alquila
3059,bueno,20,propietario
2649,bueno,13,propietario
3468,bueno,15,propietario
7,bueno,29,propietario
4398,bueno,2,propietario
575,malo,0,propietario
2993,malo,1,alquila
2455,malo,1,padres
3486,bueno,11,propietario
1462,malo,5,alquila
4364,malo,3,propietario
1584,bueno,1,otra
4340,bueno,4,otra
2250,bueno,13,alquila
1526,malo,6,padres
3724,bueno,27,propietario
4365,bueno,5,alquila
1555,malo,10,alquila
2444,bueno,17,alquila
3600,malo,7,alquila
2293,bueno,1,otra
10,malo,0,padres
1448,bueno,2,propietario
2440,bueno,2,propietario
1356,malo,1,padres
2791,bueno,11,propietario
4068,bueno,12,propietario
3965,bueno,6,alquila
3402,bueno,16,propietario
4347,bueno,1,propietario
3915,bueno,9,otra
4330,bueno,20,padres
508,bueno,13,privado
1136,malo,1,padres
2323,malo,0,otra
4284,malo,0,padres
4091,malo,13,alquila
4104,bueno,11,propietario
428,bueno,11,propietario
3213,bueno,13,alquila
256,bueno,10,propietario
4358,malo,1,otra
626,malo,1,alquila
3554,malo,0,privado
4343,malo,4,propietario
4339,bueno,2,otra
1974,malo,0,propietario
3011,bueno,1,padres
854,bueno,6,privado
3400,bueno,0,propietario
3774,bueno,10,propietario
537,bueno,13,padres
2491,bueno,0,alquila
1699,malo,4,alquila
3349,bueno,15,propietario
874,bueno,20,propietario
140,bueno,15,propietario
2567,bueno,1,padres
3323,bueno,3,propietario
2267,malo,0,alquila
981,bueno,11,propietario
3373,malo,2,propietario
3356,bueno,14,propietario
2163,bueno,3,propietario
4255,malo,0,propietario
234,bueno,1,alquila
1207,bueno,1,alquila
3822,bueno,10,propietario
3706,bueno,8,propietario
1389,bueno,8,propietario
78,bueno,0,otra
4070,bueno,2,otra
2535,bueno,4,alquila
3817,bueno,10,propietario
897,bueno,3,propietario
601,bueno,20,propietario
2021,malo,0,propietario
3049,bueno,12,propietario
616,bueno,1,padres
712,bueno,20,propietario
127,malo,0,padres
581,malo,17,alquila
2613,malo,1,alquila
4328,bueno,30,ignorar
4188,bueno,20,propietario
1367,bueno,12,propietario
119,bueno,20,propietario
3571,bueno,5,propietario
2877,bueno,20,propietario
3665,bueno,5,propietario
562,bueno,11,privado
956,bueno,22,alquila
2589,bueno,8,privado
794,bueno,12,alquila
2522,bueno,2,alquila
558,bueno,3,alquila
2562,bueno,6,propietario
3415,malo,2,privado
973,bueno,13,alquila
3613,malo,0,otra
1190,bueno,11,propietario
3800,malo,1,propietario
3612,bueno,20,alquila
3092,bueno,2,privado
4081,bueno,3,padres
3475,bueno,6,propietario
2570,bueno,5,propietario
292,bueno,17,propietario
44,malo,0,propietario
845,bueno,30,propietario
1426,malo,1,alquila
1380,malo,1,propietario
2980,bueno,0,propietario
1896,bueno,5,propietario
1397,bueno,7,propietario
1383,bueno,1,propietario
4063,bueno,5,propietario
1046,malo,2,otra
4411,bueno,40,propietario
3367,malo,0,ignorar
285,bueno,5,propietario
2545,bueno,1,propietario
905,bueno,7,propietario
2681,bueno,10,propietario
1175,malo,2,alquila
2709,bueno,13,alquila
1301,malo,0,propietario
1348,bueno,24,propietario
1988,bueno,5,propietario
1821,bueno,0,padres
3650,bueno,1,otra
4300,malo,11,propietario
441,bueno,5,alquila
2120,bueno,3,propietario
4193,malo,0,otra
1292,malo,3,alquila
822,malo,22,propietario
4375,bueno,12,privado
663,bueno,0,propietario
2852,bueno,12,propietario
1689,bueno,1,propietario
4370,bueno,3,otra
2162,bueno,3,propietario
4181,malo,6,alquila
4335,bueno,1,propietario
4282,bueno,12,propietario
2744,bueno,15,padres
2574,bueno,23,alquila
1459,bueno,2,propietario
2161,bueno,1,alquila
3263,bueno,20,propietario
1016,bueno,18,otra
3909,malo,0,padres
1882,malo,0,otra
4120,bueno,10,propietario
3617,bueno,7,otra
82,bueno,10,padres
986,bueno,8,propietario
4086,bueno,0,padres
3114,malo,2,privado
632,bueno,12,propietario
2167,bueno,8,alquila
3456,malo,3,alquila
753,bueno,4,propietario
115,bueno,13,propietario
3452,malo,0,alquila
2972,bueno,25,privado
306,malo,13,alquila
481,bueno,0,propietario
3952,malo,2,propietario
1051,bueno,3,propietario
2731,malo,1,otra
1458,bueno,0,padres
1196,malo,0,propietario
1814,bueno,3,propietario
2783,bueno,2,propietario
2254,bueno,5,alquila
1647,malo,2,propietario
638,malo,2,privado
1604,bueno,1,alquila
4253,malo,10,propietario
3920,bueno,4,padres
3647,bueno,22,propietario
2582,bueno,10,otra
1513,malo,1,alquila
2303,bueno,12,alquila
2497,malo,1,alquila
2107,bueno,18,propietario
3899,bueno,2,otra
344,bueno,2,propietario
3131,malo,10,propietario
2970,bueno,6,padres
4158,bueno,10,propietario
902,bueno,20,otra
2715,bueno,3,propietario
2065,bueno,4,alquila
1553,bueno,17,propietario
1442,bueno,6,alquila
2463,bueno,2,otra
4079,bueno,30,propietario
2822,bueno,2,alquila
1578,malo,1,propietario
2089,bueno,40,propietario
1952,bueno,2,otra
2359,bueno,2,propietario
1371,malo,0,ignorar
1536,bueno,0,propietario
357,bueno,1,propietario
2210,bueno,30,propietario
3074,bueno,8,propietario
3628,bueno,14,propietario
4092,bueno,13,propietario
1126,bueno,0,padres
2940,bueno,14,propietario
2988,bueno,15,propietario
1457,bueno,18,alquila
1966,bueno,3,propietario
231,bueno,20,padres
3000,bueno,8,privado
497,malo,12,alquila
3847,bueno,13,propietario
891,malo,1,alquila
518,bueno,3,alquila
1833,bueno,10,propietario
4361,bueno,40,propietario
2476,bueno,1,propietario
4426,bueno,1,propietario
3155,bueno,38,alquila
1549,malo,0,otra
1108,bueno,4,propietario
170,bueno,5,propietario
38,bueno,7,propietario
1493,bueno,15,propietario
829,bueno,15,propietario
1033,bueno,13,propietario
478,bueno,2,padres
2352,bueno,7,propietario
317,bueno,0,propietario
3995,bueno,18,alquila
183,bueno,14,ignorar
2948,malo,0,alquila
3512,bueno,6,propietario
1047,bueno,10,otra
982,bueno,6,propietario
1769,bueno,10,privado
1079,malo,0,alquila
2834,malo,12,propietario
3278,malo,4,alquila
3703,bueno,36,propietario
1745,malo,10,otra
1895,bueno,25,propietario
2546,bueno,19,alquila
1594,malo,0,alquila
3235,bueno,1,padres
3526,bueno,14,propietario
4191,bueno,8,propietario
3483,bueno,15,otra
3539,bueno,6,padres
1957,bueno,6,alquila
975,malo,1,alquila
4293,malo,1,alquila
128,bueno,12,propietario
3687,bueno,20,propietario
3171,bueno,6,padres
1350,malo,2,alquila
3979,bueno,1,padres
55,bueno,3,padres
2466,bueno,14,padres
3972,malo,2,alquila
2711,bueno,3,alquila
3896,bueno,4,propietario
1102,bueno,1,alquila
3828,malo,7,otra
2215,bueno,1,padres
267,bueno,3,padres
4433,bueno,8,propietario
1942,bueno,7,alquila
536,bueno,3,padres
3224,bueno,6,otra
815,malo,3,padres
732,malo,5,padres
2041,bueno,8,propietario
3375,malo,1,propietario
2900,malo,0,alquila
4428,bueno,20,propietario
4377,bueno,18,propietario
2955,malo,2,propietario
4319,bueno,9,alquila
129,bueno,0,padres
315,malo,3,alquila
2124,bueno,7,padres
4396,bueno,13,propietario
3720,malo,2,padres
314,bueno,6,propietario
3694,malo,15,otra
2422,malo,2,privado
1472,bueno,3,otra
2025,bueno,0,propietario
1677,malo,4,NA
2259,bueno,10,propietario
1413,bueno,14,privado
211,bueno,11,propietario
3351,malo,1,padres
1767,bueno,2,padres
3477,bueno,15,padres
1621,malo,14,alquila
2873,bueno,22,propietario
3303,malo,2,padres
3954,malo,3,padres
3274,malo,0,padres
2587,bueno,8,padres
2012,bueno,16,propietario
2807,bueno,1,otra
983,malo,4,alquila
3821,bueno,10,propietario
3933,bueno,10,propietario
2638,bueno,6,propietario
3363,malo,7,alquila
1177,malo,11,propietario
4275,bueno,0,padres
250,malo,0,propietario
4298,bueno,32,alquila
173,bueno,25,padres
711,bueno,5,propietario
1671,bueno,0,propietario
3525,bueno,3,propietario
3437,bueno,1,alquila
130,bueno,10,otra
2947,bueno,14,privado
209,bueno,2,propietario
1158,bueno,1,propietario
1495,malo,1,propietario
147,malo,0,propietario
2385,malo,2,padres
1868,bueno,0,propietario
1632,bueno,3,alquila
1613,bueno,1,alquila
1925,bueno,10,propietario
2072,bueno,12,otra
1862,bueno,17,propietario
1297,malo,6,alquila
720,bueno,5,padres
3594,bueno,0,propietario
972,malo,1,padres
2183,malo,0,propietario
3580,malo,1,alquila
1416,bueno,1,padres
103,bueno,4,propietario
2598,bueno,7,propietario
1572,malo,0,alquila
4394,bueno,14,propietario
4385,bueno,20,propietario
678,malo,35,propietario
588,malo,8,propietario
2542,bueno,12,propietario
3201,bueno,1,propietario
4042,bueno,12,alquila
101,bueno,38,propietario
1517,bueno,1,propietario
3294,bueno,3,padres
3309,bueno,9,padres
3474,bueno,5,propietario
3948,bueno,8,propietario
1250,malo,0,otra
2001,bueno,2,alquila
1771,bueno,3,alquila
3973,bueno,0,padres
3914,malo,0,padres
1408,bueno,2,padres
320,bueno,5,propietario
2696,malo,1,privado
1761,bueno,8,padres
1182,malo,1,alquila
988,bueno,2,propietario
503,malo,0,otra
1618,bueno,12,padres
2672,bueno,21,otra
1673,malo,1,alquila
1275,bueno,8,padres
3791,bueno,9,privado
3604,malo,0,propietario
3291,bueno,5,alquila
3335,malo,5,propietario
337,bueno,2,propietario
2062,malo,15,alquila
2780,malo,0,otra
693,bueno,1,alquila
4192,malo,0,propietario
2811,bueno,14,propietario
1165,bueno,20,propietario
1856,malo,3,alquila
1353,bueno,1,padres
2531,malo,0,privado
3267,malo,0,propietario
3188,bueno,5,alquila
2240,bueno,17,propietario
1791,malo,3,padres
304,malo,5,propietario
1730,malo,2,privado
3466,bueno,2,propietario
931,bueno,15,propietario
2837,bueno,12,padres
547,bueno,3,propietario
3932,malo,3,propietario
1201,bueno,22,propietario
1752,bueno,37,propietario
4010,malo,1,alquila
1386,malo,1,alquila
3306,bueno,15,propietario
2903,bueno,2,alquila
2423,malo,19,alquila
1492,malo,4,privado
2872,bueno,5,propietario
4007,bueno,1,padres
3120,bueno,2,padres
1651,bueno,10,propietario
3004,malo,7,alquila
2045,bueno,13,propietario
1185,bueno,4,propietario
1921,malo,10,privado
136,bueno,16,padres
4242,bueno,0,alquila
3485,bueno,10,propietario
1400,bueno,6,alquila
2907,bueno,26,propietario
1086,bueno,20,otra
3515,malo,10,propietario
3426,bueno,2,padres
4046,malo,0,padres
1054,malo,12,propietario
2311,bueno,7,propietario
3643,bueno,3,propietario
1324,bueno,1,alquila
2579,bueno,0,propietario
1091,malo,2,alquila
505,malo,5,otra
2213,malo,10,propietario
1840,bueno,6,padres
1225,bueno,18,propietario
1195,bueno,0,otra
2225,bueno,14,propietario
3079,bueno,14,propietario
3147,bueno,9,padres
3709,bueno,3,propietario
2984,bueno,3,padres
963,malo,11,alquila
3739,bueno,4,propietario
3900,bueno,18,alquila
1438,bueno,8,propietario
216,malo,1,privado
526,bueno,8,propietario
3244,bueno,13,propietario
1288,bueno,2,propietario
4136,bueno,2,padres
4085,bueno,10,propietario
489,bueno,12,propietario
2617,bueno,7,padres
4141,malo,1,propietario
2506,bueno,0,otra
2510,bueno,0,padres
3967,bueno,20,propietario
3398,malo,5,alquila
630,malo,21,alquila
3682,malo,0,alquila
2538,bueno,6,propietario
3236,bueno,1,padres
4151,bueno,7,propietario
3842,malo,21,propietario
1312,bueno,9,alquila
1538,bueno,4,alquila
1959,malo,3,alquila
308,malo,3,otra
3868,bueno,2,alquila
3597,malo,0,alquila
2420,bueno,3,alquila
482,bueno,1,alquila
1435,bueno,9,alquila
4170,bueno,2,padres
539,bueno,7,propietario
1964,bueno,7,propietario
1970,malo,15,propietario
3843,malo,14,alquila
4369,bueno,5,propietario
2996,malo,10,NA
1216,bueno,26,propietario
2924,bueno,26,propietario
681,bueno,12,otra
3635,bueno,16,propietario
399,bueno,25,propietario
1221,bueno,5,propietario
3264,malo,8,propietario
2957,bueno,9,propietario
4022,malo,11,padres
3044,malo,1,padres
2916,bueno,5,propietario
2015,bueno,2,propietario
1865,bueno,30,propietario
1023,malo,5,propietario
2224,malo,1,propietario
643,malo,2,otra
2281,bueno,14,alquila
2407,bueno,20,privado
2054,bueno,3,propietario
1660,bueno,12,propietario
2968,bueno,1,padres
1850,bueno,0,propietario
2335,bueno,10,alquila
946,bueno,4,otra
3509,bueno,5,propietario
3186,bueno,0,propietario
1060,bueno,6,NA
4076,malo,0,padres
1451,bueno,11,propietario
2471,bueno,1,padres
1754,bueno,10,propietario
1070,bueno,16,alquila
1359,bueno,3,padres
675,bueno,4,alquila
411,malo,5,alquila
2040,bueno,15,propietario
302,bueno,3,propietario
4453,bueno,0,alquila
1105,bueno,1,padres
3897,bueno,5,propietario
1315,bueno,2,padres
2112,bueno,1,padres
34,bueno,10,propietario
4077,bueno,1,padres
846,bueno,1,otra
2836,bueno,18,propietario
3029,bueno,12,propietario
552,bueno,1,alquila
4187,bueno,13,otra
457,bueno,10,propietario
135,bueno,0,alquila
2361,bueno,7,propietario
806,bueno,2,alquila
2607,malo,5,alquila
3901,bueno,17,propietario
633,malo,10,alquila
1232,bueno,25,privado
2160,malo,3,privado
3329,malo,2,alquila
1153,malo,6,alquila
4261,bueno,30,alquila
2333,bueno,17,propietario
2717,malo,1,padres
2977,bueno,6,padres
2005,bueno,2,propietario
4013,malo,1,alquila
904,bueno,13,propietario
580,malo,1,propietario
473,bueno,6,propietario
1188,bueno,10,propietario
3543,malo,6,alquila
2314,bueno,8,privado
1762,malo,8,padres
2608,bueno,13,padres
2694,bueno,10,otra
1939,bueno,6,propietario
4072,bueno,2,propietario
3342,bueno,35,propietario
13,bueno,8,propietario
2204,bueno,20,alquila
2399,malo,2,alquila
93,bueno,4,alquila
3104,bueno,1,padres
2739,bueno,1,padres
2974,bueno,5,padres
3926,malo,1,propietario
3745,bueno,4,propietario
4132,bueno,30,propietario
3095,bueno,10,alquila
2712,bueno,3,propietario
3657,malo,3,alquila
2848,bueno,0,padres
3876,bueno,1,propietario
2261,bueno,12,propietario
1039,bueno,0,alquila
592,bueno,12,propietario
4345,bueno,12,propietario
862,bueno,13,propietario
1343,bueno,7,propietario
2048,bueno,0,propietario
427,malo,0,padres
952,malo,10,propietario
4057,bueno,5,propietario
3002,bueno,11,propietario
3785,bueno,7,propietario
4392,malo,3,propietario
3835,bueno,12,propietario
4231,bueno,0,propietario
20,bueno,1,padres
66,bueno,15,privado
517,bueno,30,alquila
3212,bueno,7,propietario
3275,bueno,10,propietario
4020,bueno,17,otra
311,malo,1,alquila
1680,bueno,4,padres
2669,malo,11,propietario
2758,bueno,0,padres
366,malo,21,propietario
694,bueno,16,propietario
3802,bueno,14,propietario
3783,malo,3,alquila
2504,bueno,6,propietario
1683,malo,0,padres
2203,bueno,1,propietario
609,bueno,9,alquila
1453,bueno,0,alquila
3157,bueno,15,propietario
3365,malo,2,alquila
3975,bueno,5,alquila
2564,bueno,24,propietario
1,bueno,9,alquila
1700,bueno,0,propietario
810,malo,2,alquila
3233,bueno,25,propietario
1403,malo,0,propietario
1560,bueno,8,alquila
3542,bueno,17,alquila
1958,bueno,10,propietario
2,bueno,17,alquila
737,bueno,20,propietario
3190,malo,1,alquila
1467,bueno,2,padres
1377,bueno,11,padres
3528,malo,29,propietario
3037,bueno,10,padres
2931,malo,4,privado
4201,malo,2,otra
2358,malo,0,propietario
1664,malo,2,otra
1491,bueno,11,propietario
1596,bueno,15,propietario
2300,bueno,21,otra
434,bueno,0,alquila
3985,bueno,15,propietario
4159,bueno,17,propietario
2053,bueno,11,propietario
1433,malo,0,padres
2572,bueno,0,alquila
2727,bueno,20,alquila
4320,malo,25,otra
397,bueno,10,propietario
19,malo,0,ignorar
2778,bueno,10,propietario
3656,malo,0,propietario
1702,bueno,30,alquila
2481,malo,0,propietario
3281,bueno,25,alquila
2294,malo,20,propietario
3631,bueno,32,propietario
2404,malo,0,padres
692,bueno,15,alquila
3324,bueno,20,propietario
2819,malo,4,padres
2236,bueno,17,propietario
3389,bueno,15,alquila
4246,bueno,4,propietario
1111,malo,1,privado
212,bueno,23,propietario
834,malo,1,padres
423,bueno,2,padres
2312,malo,14,alquila
859,bueno,13,propietario
3296,bueno,17,propietario
2883,bueno,10,alquila
3976,bueno,16,propietario
4379,malo,5,propietario
1917,bueno,1,alquila
796,bueno,5,privado
1103,malo,0,propietario
504,bueno,0,alquila
1829,malo,10,padres
3409,malo,0,propietario
2180,bueno,20,privado
3503,bueno,0,otra
1143,malo,14,privado
659,bueno,20,alquila
1661,bueno,4,propietario
3889,bueno,0,propietario
2365,malo,9,propietario
415,bueno,3,propietario
2743,bueno,0,padres
2853,bueno,14,propietario
3561,bueno,4,propietario
3115,bueno,3,padres
1330,bueno,20,propietario
2084,malo,1,padres
2079,malo,20,propietario
3956,bueno,14,padres
3089,bueno,1,padres
1548,bueno,5,padres
2299,bueno,10,propietario
364,malo,0,propietario
2823,bueno,5,padres
382,bueno,4,alquila
1465,bueno,14,propietario
1148,bueno,11,propietario
3575,bueno,17,propietario
1101,bueno,12,alquila
2118,malo,2,alquila
3170,bueno,0,padres
1480,malo,3,alquila
416,bueno,7,alquila
542,bueno,7,propietario
1918,bueno,13,propietario
687,bueno,4,alquila
2704,bueno,13,privado
2002,bueno,5,alquila
388,bueno,20,padres
3454,malo,5,otra
1481,bueno,18,propietario
966,bueno,8,propietario
1483,malo,4,propietario
2376,bueno,1,padres
3379,bueno,3,propietario
1768,bueno,5,alquila
4017,bueno,0,privado
2016,bueno,1,propietario
4213,bueno,30,alquila
1446,bueno,1,propietario
289,bueno,12,propietario
165,bueno,20,alquila
3518,bueno,15,privado
2718,bueno,32,propietario
2391,bueno,22,propietario
3358,bueno,26,alquila
4011,bueno,3,privado
3513,malo,2,alquila
828,malo,15,alquila
24,bueno,27,alquila
1144,malo,4,padres
1708,bueno,25,propietario
4245,bueno,14,propietario
2590,bueno,30,otra
175,bueno,20,propietario
888,bueno,30,propietario
245,bueno,1,propietario
278,malo,2,alquila
1137,bueno,2,propietario
4164,bueno,1,otra
1138,bueno,2,alquila
3025,malo,0,padres
1820,bueno,18,otra
1626,bueno,14,alquila
2518,bueno,8,propietario
686,bueno,4,padres
3658,bueno,8,propietario
1252,bueno,11,padres
3430,bueno,8,privado
4310,bueno,26,alquila
2806,bueno,10,propietario
2652,malo,0,otra
4093,malo,0,padres
3270,malo,2,padres
2842,malo,5,privado
2575,bueno,2,padres
2762,bueno,9,alquila
1360,bueno,25,propietario
1302,malo,2,padres
1686,bueno,17,padres
2865,bueno,6,ignorar
1561,bueno,10,alquila
3010,bueno,11,propietario
769,bueno,3,propietario
3557,malo,12,alquila
1654,bueno,9,propietario
3649,malo,11,propietario
3696,bueno,1,alquila
4357,bueno,12,propietario
4028,bueno,5,alquila
2336,bueno,10,alquila
341,bueno,25,propietario
1133,malo,0,propietario
861,bueno,12,propietario
2563,bueno,2,propietario
235,bueno,2,alquila
1778,bueno,8,propietario
527,bueno,14,propietario
1510,bueno,2,propietario
1503,bueno,17,propietario
4036,malo,1,privado
1556,malo,9,otra
3359,malo,2,otra
1753,malo,0,otra
4243,bueno,6,propietario
2186,bueno,3,padres
3251,malo,0,alquila
1527,malo,8,alquila
479,bueno,15,propietario
3325,bueno,0,padres
4337,bueno,30,propietario
265,bueno,8,propietario
396,bueno,15,propietario
215,bueno,15,padres
691,bueno,6,padres
380,malo,0,propietario
2401,bueno,17,otra
914,malo,1,alquila
3846,bueno,3,propietario
1206,bueno,13,alquila
1625,bueno,6,alquila
2446,bueno,2,padres
741,bueno,6,propietario
2030,bueno,2,propietario
4051,malo,2,padres
2975,bueno,13,propietario
1104,bueno,5,alquila
4008,malo,5,alquila
3850,bueno,3,padres
2839,bueno,5,propietario
124,bueno,18,alquila
8,bueno,9,padres
1631,bueno,12,alquila
3524,bueno,14,padres
3936,bueno,6,otra
3164,bueno,1,alquila
305,bueno,2,propietario
1843,bueno,20,propietario
1477,malo,1,padres
189,bueno,4,alquila
3953,bueno,21,propietario
1123,malo,15,alquila
2473,bueno,5,propietario
4354,bueno,10,propietario
1179,malo,2,privado
3322,malo,1,propietario
162,bueno,14,privado
3339,bueno,5,alquila
4447,bueno,6,propietario
1184,bueno,20,alquila
680,bueno,30,padres
790,bueno,20,otra
639,bueno,15,padres
3470,bueno,1,alquila
1237,bueno,18,propietario
1733,bueno,0,propietario
3457,bueno,0,alquila
3982,bueno,3,padres
4258,bueno,22,padres
1881,bueno,4,propietario
628,bueno,25,propietario
2052,bueno,0,privado
2462,bueno,0,padres
164,bueno,22,alquila
2172,bueno,13,propietario
4212,bueno,1,propietario
3743,malo,1,alquila
2188,bueno,0,propietario
2031,bueno,1,padres
821,malo,4,alquila
3750,bueno,14,alquila
3404,bueno,12,alquila
2316,malo,1,alquila
2943,bueno,1,alquila
4257,malo,2,propietario
3195,bueno,2,propietario
2550,bueno,0,alquila
551,bueno,12,propietario
3950,bueno,5,propietario
1163,malo,1,alquila
1012,malo,1,otra
1266,malo,4,otra
2356,bueno,20,propietario
404,bueno,16,padres
2382,malo,2,alquila
220,bueno,10,otra
2434,malo,1,padres
1211,bueno,3,otra
3124,bueno,4,alquila
3261,bueno,10,propietario
1421,malo,0,propietario
2664,bueno,15,propietario
3148,bueno,15,propietario
1852,bueno,8,padres
2154,bueno,1,padres
928,bueno,3,otra
3573,bueno,38,propietario
429,malo,9,alquila
2357,malo,3,padres
365,bueno,6,propietario
3277,bueno,15,propietario
2265,bueno,12,propietario
1696,bueno,25,propietario
2377,bueno,25,propietario
2858,bueno,0,padres
499,bueno,5,padres
1735,bueno,10,alquila
1178,bueno,30,propietario
4226,bueno,20,propietario
3717,bueno,3,privado
2197,malo,7,alquila
820,bueno,13,propietario
3240,bueno,5,propietario
2513,bueno,2,padres
1809,bueno,25,propietario
1826,malo,2,privado
1409,bueno,0,propietario
4111,bueno,0,propietario
668,bueno,35,otra
4239,bueno,0,alquila
779,bueno,18,propietario
569,bueno,16,propietario
1734,bueno,0,propietario
1082,bueno,5,alquila
2938,bueno,3,propietario
1497,bueno,28,propietario
783,malo,1,propietario
3725,bueno,3,alquila
472,bueno,10,propietario
445,bueno,11,propietario
3298,bueno,6,padres
4115,bueno,1,padres
1825,bueno,5,propietario
2033,bueno,3,privado
2869,bueno,0,propietario
563,bueno,7,propietario
1139,malo,0,padres
881,malo,1,otra
4154,bueno,45,propietario
2802,bueno,0,propietario
2605,malo,1,padres
4054,bueno,2,otra
3500,bueno,3,propietario
4386,bueno,7,propietario
2989,malo,0,alquila
95,bueno,9,alquila
2489,bueno,2,propietario
3568,malo,3,padres
2036,bueno,12,alquila
837,bueno,25,propietario
3882,bueno,8,alquila
2273,bueno,11,alquila
844,bueno,24,otra
1901,malo,2,padres
1368,bueno,10,propietario
3285,malo,1,propietario
4250,bueno,12,propietario
1341,bueno,0,propietario
3760,bueno,3,padres
269,malo,2,propietario
775,bueno,3,padres
1198,bueno,4,alquila
1215,bueno,7,propietario
3480,bueno,31,alquila
1908,malo,1,padres
1014,bueno,0,propietario
263,bueno,12,propietario
4317,bueno,6,padres
2673,bueno,1,propietario
1785,bueno,7,privado
3819,malo,1,propietario
4045,bueno,14,alquila
4107,bueno,16,padres
1053,bueno,18,propietario
2372,bueno,4,padres
2599,malo,1,padres
462,bueno,6,propietario
3801,bueno,10,propietario
4285,bueno,6,alquila
2770,bueno,30,propietario
1505,malo,5,propietario
4196,bueno,8,otra
2944,bueno,5,privado
2655,bueno,1,propietario
323,malo,1,padres
1476,malo,1,propietario
1542,bueno,0,propietario
378,bueno,6,propietario
3395,bueno,4,propietario
3139,malo,10,propietario
682,malo,1,alquila
49,malo,2,alquila
2298,bueno,7,propietario
264,bueno,25,propietario
3816,bueno,1,alquila
772,bueno,14,otra
4415,bueno,5,alquila
3482,bueno,6,propietario
4414,malo,5,propietario
3290,bueno,8,alquila
843,bueno,4,propietario
958,bueno,2,privado
1008,malo,3,otra
3795,bueno,18,privado
4244,bueno,7,alquila
573,bueno,1,propietario
2624,malo,0,padres
2453,malo,1,propietario
1674,bueno,0,propietario
3077,malo,0,propietario
3317,bueno,3,propietario
998,malo,6,alquila
3971,bueno,17,propietario
513,bueno,4,propietario
3228,malo,5,alquila
725,bueno,14,propietario
2874,bueno,15,propietario
3582,bueno,14,alquila
3215,bueno,15,propietario
1161,bueno,5,propietario
4116,malo,7,otra
2761,bueno,8,propietario
2586,bueno,43,otra
2155,bueno,2,alquila
3073,malo,0,padres
1277,bueno,3,alquila
2634,malo,8,padres
3873,bueno,20,propietario
3996,bueno,30,propietario
3260,bueno,13,propietario
3326,malo,2,propietario
2755,malo,8,padres
2370,bueno,10,alquila
3602,bueno,15,alquila
3884,bueno,1,alquila
3066,bueno,23,propietario
226,bueno,1,propietario
2110,bueno,30,propietario
1449,bueno,25,otra
3310,malo,0,padres
701,malo,20,alquila
3241,malo,5,alquila
227,bueno,10,propietario
2517,bueno,5,padres
1487,bueno,2,propietario
4412,bueno,0,padres
1262,bueno,15,padres
2458,malo,5,alquila
923,bueno,1,alquila
4177,bueno,0,padres
2929,bueno,4,propietario
3804,bueno,4,ignorar
4388,bueno,3,propietario
2153,bueno,27,propietario
167,bueno,23,propietario
717,bueno,0,propietario
110,malo,13,padres
1894,bueno,6,alquila
568,bueno,10,propietario
4450,malo,1,alquila
2895,bueno,20,propietario
2583,bueno,4,otra
2388,bueno,7,privado
4062,malo,2,propietario
1704,bueno,3,propietario
1919,bueno,3,padres
1748,bueno,8,otra
2035,bueno,7,propietario
1335,bueno,15,padres
1980,malo,0,otra
134,bueno,20,propietario
3118,bueno,0,padres
75,bueno,5,propietario
3834,malo,3,alquila
469,bueno,4,propietario
714,malo,0,otra
2058,bueno,2,alquila
3065,bueno,5,propietario
4090,bueno,6,propietario
3693,malo,5,alquila
2451,bueno,32,padres
776,bueno,3,padres
2792,malo,10,propietario
1498,bueno,3,propietario
6,bueno,1,propietario
1721,bueno,2,alquila
3443,malo,7,alquila
1496,bueno,7,padres
1358,bueno,7,padres
4016,malo,8,alquila
916,bueno,17,propietario
4183,bueno,30,propietario
1832,malo,3,propietario
3434,bueno,4,padres
1169,bueno,3,privado
786,bueno,22,propietario
2436,bueno,22,propietario
1374,malo,6,propietario
2876,bueno,3,alquila
3154,bueno,20,privado
3034,malo,0,privado
2111,bueno,15,padres
2219,bueno,0,propietario
3132,bueno,4,otra
3146,bueno,25,propietario
4208,malo,0,alquila
1479,malo,1,alquila
2963,bueno,7,propietario
3562,bueno,1,privado
3216,bueno,1,padres
222,bueno,15,propietario
2911,bueno,14,propietario
3057,malo,2,ignorar
3993,bueno,3,propietario
3621,bueno,3,propietario
2926,bueno,1,padres
1793,malo,12,propietario
68,bueno,4,propietario
2194,bueno,12,padres
4334,malo,0,padres
743,bueno,6,alquila
1264,bueno,0,padres
2795,bueno,8,padres
4228,malo,2,padres
3723,malo,5,propietario
3955,malo,0,alquila
1945,bueno,4,propietario
579,bueno,13,propietario
3412,bueno,5,padres
1478,malo,0,propietario
3064,bueno,8,propietario
1781,malo,6,alquila
3606,malo,2,padres
729,bueno,6,propietario
1515,malo,5,padres
3130,malo,10,privado
85,bueno,10,propietario
2896,bueno,31,propietario
887,bueno,20,propietario
4126,bueno,18,propietario
3352,malo,1,propietario
3567,bueno,4,propietario
1043,bueno,15,propietario
1633,bueno,2,padres
2019,bueno,2,padres
2787,malo,25,propietario
1695,bueno,26,privado
2193,bueno,20,alquila
3005,bueno,9,alquila
1511,bueno,22,propietario
1058,bueno,14,propietario
2707,bueno,3,propietario
4252,bueno,10,propietario
1630,bueno,20,propietario
4033,bueno,9,propietario
1900,malo,7,alquila
1854,bueno,3,padres
1289,malo,3,propietario
1891,bueno,20,propietario
271,bueno,3,propietario
3450,bueno,1,alquila
3610,bueno,7,propietario
4451,bueno,22,propietario
1456,malo,2,propietario
1999,bueno,3,padres
313,bueno,1,propietario
1648,malo,0,alquila
544,bueno,16,propietario
3778,bueno,5,padres
3620,malo,0,ignorar
1676,malo,8,alquila
788,bueno,3,propietario
3891,bueno,1,propietario
3431,bueno,1,padres
2226,bueno,2,padres
240,bueno,3,NA
3766,malo,0,alquila
4082,bueno,25,propietario
2971,bueno,5,propietario
4038,bueno,2,privado
2132,bueno,12,propietario
2994,malo,16,propietario
4374,bueno,2,alquila
2230,bueno,1,alquila
449,bueno,5,alquila
781,bueno,2,propietario
178,bueno,18,padres
2862,bueno,1,padres
4266,malo,8,alquila
4372,bueno,12,propietario
1209,bueno,5,alquila
3790,bueno,3,propietario
4355,bueno,19,propietario
2342,bueno,5,otra
825,bueno,0,propietario
3826,bueno,10,propietario
2534,bueno,23,otra
747,bueno,18,propietario
662,bueno,12,propietario
255,bueno,13,propietario
50,bueno,25,propietario
2482,bueno,13,propietario
4290,bueno,3,padres
3222,bueno,7,propietario
4140,bueno,1,propietario
98,bueno,3,propietario
498,malo,20,propietario
4157,bueno,16,propietario
1370,malo,2,propietario
4165,malo,14,propietario
3797,bueno,5,alquila
3961,bueno,11,alquila
36,bueno,32,propietario
1254,malo,1,alquila
1414,malo,11,alquila
4383,bueno,12,otra
3288,malo,2,padres
3688,bueno,16,privado
2050,bueno,7,alquila
1740,malo,3,otra
516,bueno,2,padres
2561,bueno,10,privado
2074,bueno,1,privado
4304,bueno,2,alquila
3191,bueno,5,alquila
277,bueno,1,otra
1758,malo,0,alquila
3080,malo,8,alquila
4329,bueno,36,propietario
3045,malo,5,padres
798,malo,0,padres
2750,malo,5,propietario
2523,bueno,2,padres
4189,bueno,4,alquila
2498,malo,2,padres
561,bueno,25,propietario
3091,bueno,4,padres
1044,malo,3,alquila
4178,bueno,2,padres
195,malo,0,otra
1963,bueno,20,propietario
657,bueno,1,padres
2763,malo,1,padres
3284,malo,5,propietario
4313,bueno,8,propietario
4441,bueno,3,propietario
567,malo,0,otra
3268,bueno,3,propietario
624,malo,0,padres
3099,bueno,5,alquila
474,bueno,0,otra
4200,bueno,5,alquila
2751,bueno,0,padres
420,bueno,6,otra
4402,malo,12,alquila
243,bueno,20,propietario
114,malo,0,propietario
2429,malo,27,propietario
595,bueno,3,propietario
2442,bueno,18,propietario
2978,bueno,28,propietario
284,bueno,10,propietario
3841,bueno,4,propietario
3548,malo,6,alquila
3017,bueno,2,alquila
2214,bueno,2,propietario
1899,malo,11,privado
2521,malo,15,propietario
1261,malo,12,propietario
1283,bueno,20,privado
1317,bueno,16,propietario
1795,bueno,0,propietario
2680,bueno,2,padres
4268,malo,15,propietario
88,bueno,27,propietario
2991,malo,0,propietario
191,bueno,1,propietario
2394,bueno,20,propietario
4137,malo,5,padres
3496,bueno,16,otra
468,bueno,8,propietario
787,bueno,5,padres
696,malo,2,propietario
3814,bueno,5,alquila
4166,bueno,6,propietario
4199,malo,1,alquila
917,bueno,21,propietario
3353,bueno,16,padres
3893,bueno,19,padres
2122,bueno,8,privado
463,malo,0,propietario
3855,bueno,23,padres
384,malo,1,padres
2917,bueno,30,alquila
3093,bueno,20,propietario
1750,malo,0,propietario
1930,bueno,1,propietario
2732,malo,2,propietario
3311,bueno,0,padres
1650,malo,4,alquila
3777,malo,7,padres
3852,bueno,16,alquila
83,malo,1,propietario
2573,bueno,7,propietario
895,bueno,15,alquila
1523,bueno,2,padres
3879,malo,3,alquila
2840,malo,2,propietario
1149,bueno,1,alquila
2454,bueno,24,otra
1855,bueno,5,otra
1419,bueno,0,propietario
1073,bueno,25,propietario
1212,bueno,19,propietario
2221,malo,2,propietario
640,bueno,1,padres
3999,bueno,18,alquila
4332,bueno,2,propietario
3536,bueno,4,padres
1504,malo,1,alquila
2271,bueno,6,padres
1784,bueno,2,propietario
4240,malo,7,privado
3839,bueno,2,padres
2906,bueno,16,alquila
1226,bueno,18,propietario
92,malo,9,padres
2450,bueno,2,padres
1976,malo,2,padres
3885,malo,12,propietario
1764,malo,40,propietario
838,bueno,11,propietario
3768,bueno,10,padres
217,bueno,9,propietario
2985,bueno,2,propietario
2185,bueno,2,propietario
2090,bueno,4,privado
326,bueno,11,alquila
2109,bueno,9,propietario
2492,bueno,15,otra
1443,bueno,20,propietario
1637,bueno,3,padres
2037,malo,14,propietario
3354,bueno,1,alquila
2047,bueno,5,padres
242,malo,10,alquila
79,bueno,9,alquila
1084,bueno,17,propietario
1228,bueno,12,propietario
3220,bueno,2,padres
2003,bueno,3,propietario
2960,malo,1,otra
3129,bueno,6,otra
251,bueno,6,propietario
2677,bueno,14,propietario
3672,bueno,1,alquila
564,bueno,4,padres
1562,bueno,20,propietario
333,malo,4,propietario
4131,malo,2,propietario
45,malo,2,propietario
1425,bueno,1,propietario
3385,malo,3,otra
459,bueno,4,propietario
1744,bueno,10,propietario
735,malo,30,propietario
797,malo,1,alquila
3941,malo,3,padres
2773,malo,10,propietario
107,malo,1,alquila
247,malo,0,padres
2779,bueno,10,padres
2828,bueno,30,privado
2307,bueno,22,propietario
1975,bueno,10,propietario
3651,bueno,9,propietario
3674,malo,5,otra
2824,bueno,5,padres
1982,bueno,8,propietario
1773,malo,0,otra
1336,bueno,4,propietario
171,bueno,20,propietario
2133,malo,2,propietario
2324,bueno,10,alquila
2879,malo,5,alquila
1800,malo,1,alquila
1274,bueno,2,otra
3661,malo,5,propietario
403,malo,2,padres
883,bueno,11,alquila
3590,malo,0,padres
3265,bueno,0,alquila
2493,bueno,24,propietario
2913,bueno,13,padres
495,bueno,10,propietario
1189,bueno,10,alquila
2256,bueno,7,propietario
2902,bueno,19,privado
4161,bueno,15,propietario
1157,malo,0,padres
89,malo,0,alquila
484,malo,15,propietario
1776,bueno,0,propietario
3596,malo,11,alquila
4006,bueno,0,privado
3414,bueno,3,propietario
2190,malo,2,padres
722,malo,20,otra
1804,bueno,4,otra
2661,bueno,23,propietario
248,bueno,5,padres
94,bueno,6,alquila
1272,malo,0,padres
3734,malo,25,privado
3305,malo,1,padres
3984,bueno,18,padres
3683,bueno,0,propietario
3237,malo,2,alquila
3175,bueno,18,propietario
1539,bueno,6,propietario
1866,malo,1,alquila
138,malo,1,alquila
2144,bueno,4,propietario
2870,bueno,13,propietario
1474,bueno,1,padres
3137,malo,0,otra
1859,bueno,0,propietario
3058,bueno,29,propietario
3076,bueno,1,padres
4032,bueno,7,propietario
3063,bueno,5,otra
566,bueno,31,alquila
740,malo,3,alquila
4295,malo,3,padres
3391,malo,1,otra
3849,bueno,16,otra
3300,malo,2,padres
2467,malo,0,otra
4065,bueno,18,propietario
2086,malo,1,alquila
3283,malo,0,privado
4214,bueno,3,propietario
299,bueno,35,propietario
3520,bueno,2,propietario
1326,bueno,13,padres
490,bueno,2,alquila
1420,bueno,1,alquila
648,bueno,32,propietario
4238,bueno,8,padres
1191,bueno,22,alquila
1529,bueno,20,propietario
2919,bueno,11,propietario
2149,bueno,4,propietario
4327,bueno,18,privado
2665,bueno,4,propietario
214,malo,5,padres
1381,bueno,11,propietario
139,bueno,0,propietario
2051,bueno,6,propietario
1951,bueno,12,propietario
1961,malo,6,padres
2827,malo,2,propietario
2119,bueno,13,padres
2207,bueno,4,padres
3127,bueno,15,privado
3178,bueno,0,alquila
2383,bueno,18,privado
770,malo,18,propietario
1346,bueno,10,propietario
3908,bueno,11,propietario
3189,malo,1,privado
2805,malo,2,propietario
4292,bueno,14,propietario
848,bueno,1,propietario
3078,malo,3,privado
2418,bueno,10,alquila
2105,bueno,2,otra
3411,bueno,1,propietario
1352,bueno,11,propietario
1159,bueno,17,propietario
3925,bueno,3,alquila
1263,bueno,20,propietario
4344,bueno,1,alquila
3684,bueno,8,propietario
4109,malo,2,privado
2000,bueno,1,propietario
3711,bueno,3,propietario
1319,bueno,11,propietario
3678,bueno,3,propietario
3857,malo,0,padres
2171,bueno,4,alquila
674,bueno,2,propietario
1048,bueno,0,propietario
840,bueno,9,propietario
3680,bueno,16,propietario
4152,bueno,2,padres
4256,malo,0,propietario
4401,bueno,1,privado
899,bueno,2,propietario
4095,malo,2,propietario
1192,malo,0,otra
4423,malo,1,alquila
4069,bueno,5,propietario
510,malo,3,propietario
802,bueno,3,padres
1470,bueno,13,propietario
572,malo,3,otra
1797,malo,3,propietario
1838,bueno,23,propietario
230,malo,0,padres
771,malo,4,alquila
1361,bueno,12,propietario
746,malo,2,alquila
2068,bueno,20,propietario
3767,bueno,1,alquila
1739,bueno,25,propietario
1609,bueno,12,propietario
2511,malo,0,alquila
3507,bueno,3,propietario
1253,malo,12,propietario
3345,bueno,3,propietario
276,bueno,2,propietario
1624,malo,0,padres
1293,malo,25,padres
1635,bueno,23,propietario
1120,bueno,1,propietario
3737,bueno,30,propietario
257,bueno,6,propietario
3377,bueno,3,padres
100,bueno,8,alquila
146,malo,12,padres
2585,malo,2,propietario
2867,malo,1,padres
574,malo,1,alquila
3103,malo,15,propietario
2622,bueno,1,padres
3018,bueno,18,propietario
2241,bueno,35,propietario
4299,bueno,7,propietario
3532,bueno,14,propietario
1229,bueno,2,propietario
152,malo,1,padres
303,bueno,1,padres
3100,bueno,26,propietario
2653,malo,15,propietario
3108,bueno,7,propietario
1741,malo,0,alquila
2355,bueno,0,padres
1200,bueno,0,padres
4129,bueno,1,padres
2890,malo,14,alquila
3238,bueno,24,propietario
3997,bueno,25,privado
1512,bueno,4,otra
4195,malo,4,alquila
3386,bueno,23,otra
2645,bueno,8,propietario
4,bueno,0,alquila
2654,bueno,15,propietario
603,bueno,3,alquila
2439,bueno,3,otra
2402,bueno,8,propietario
3408,bueno,14,padres
431,bueno,29,alquila
461,malo,3,privado
3888,bueno,1,propietario
2100,bueno,3,alquila
1853,bueno,20,propietario
876,malo,15,alquila
1978,bueno,20,padres
652,bueno,37,propietario
1475,malo,8,alquila
1020,malo,0,padres
3315,bueno,6,propietario
1323,malo,2,alquila
594,malo,13,privado
1989,bueno,5,padres
3987,bueno,14,propietario
3639,bueno,15,propietario
789,bueno,1,padres
206,bueno,10,propietario
3632,malo,1,otra
1118,bueno,19,propietario
4230,malo,7,propietario
1279,bueno,10,alquila
142,bueno,19,propietario
2139,bueno,25,propietario
2008,bueno,0,padres
3615,bueno,5,padres
4087,malo,0,padres
3856,bueno,6,propietario
2990,bueno,0,alquila
4023,malo,24,otra
3930,bueno,3,privado
1586,malo,10,alquila
4434,malo,8,propietario
3123,bueno,1,propietario
3187,malo,4,alquila
2460,malo,0,padres
528,bueno,6,propietario
417,malo,9,alquila
4376,bueno,20,propietario
3328,malo,1,padres
3022,bueno,13,padres
2121,malo,15,propietario
3384,bueno,20,propietario
3818,malo,0,propietario
2304,malo,3,padres
2928,bueno,12,privado
4215,bueno,3,alquila
2949,malo,4,alquila
2252,bueno,0,propietario
3316,bueno,4,propietario
192,bueno,4,propietario
2125,bueno,0,propietario
728,malo,12,propietario
2796,bueno,12,propietario
2845,malo,1,propietario
76,bueno,19,alquila
177,malo,0,alquila
1365,bueno,20,propietario
389,bueno,3,padres
4349,malo,5,alquila
268,bueno,2,padres
111,bueno,11,alquila
1119,bueno,6,propietario
721,bueno,11,alquila
4202,bueno,12,propietario
3016,bueno,11,propietario
3659,bueno,23,propietario
26,bueno,12,propietario
197,bueno,12,propietario
1131,bueno,3,alquila
15,malo,0,otra
3313,bueno,0,privado
486,bueno,2,padres
3218,malo,14,propietario
1113,malo,0,alquila
3780,bueno,0,padres
3489,bueno,10,propietario
1712,bueno,7,padres
2165,bueno,1,privado
4124,bueno,3,propietario
759,bueno,13,padres
2776,malo,13,otra
2325,malo,2,padres
941,bueno,4,propietario
3072,bueno,3,padres
336,bueno,8,otra
2138,bueno,4,propietario
2195,bueno,6,propietario
1688,bueno,11,propietario
2386,bueno,20,padres
387,bueno,8,privado
246,malo,1,propietario
3988,malo,0,padres
1372,bueno,1,propietario
2495,malo,1,alquila
4409,bueno,16,propietario
2191,bueno,4,padres
57,bueno,7,padres
2552,bueno,10,propietario
2452,malo,8,padres
1373,bueno,1,alquila
282,bueno,8,privado
4067,malo,0,alquila
1124,malo,3,alquila
4029,bueno,15,propietario
1774,bueno,5,propietario
2529,malo,2,alquila
2935,malo,5,padres
4114,malo,25,alquila
894,bueno,15,padres
3616,malo,2,propietario
830,bueno,6,padres
2475,malo,0,propietario
1962,malo,0,alquila
3498,bueno,0,propietario
3438,bueno,8,propietario
351,bueno,30,alquila
2684,bueno,10,propietario
1000,bueno,0,propietario
971,bueno,2,alquila
2859,bueno,2,propietario
767,malo,4,propietario
3128,malo,0,alquila
379,bueno,0,alquila
96,bueno,3,propietario
458,bueno,1,privado
1861,bueno,6,otra
1591,bueno,11,otra
2034,bueno,1,propietario
3989,bueno,3,propietario
1109,bueno,15,alquila
4041,malo,1,alquila
3388,bueno,8,propietario
2297,bueno,2,alquila
3627,bueno,2,propietario
755,bueno,5,propietario
3779,bueno,16,padres
346,bueno,3,propietario
2674,malo,0,propietario
3565,malo,1,alquila
3424,malo,2,alquila
1162,bueno,12,propietario
2483,bueno,0,privado
4123,bueno,14,otra
3994,bueno,6,padres
4417,bueno,0,propietario
3905,bueno,16,propietario
1007,bueno,35,propietario
3366,bueno,11,padres
2017,bueno,14,alquila
2364,bueno,3,padres
3463,bueno,0,propietario
1872,bueno,5,padres
439,malo,1,otra
2379,malo,5,propietario
1827,bueno,5,propietario
1782,malo,0,otra
3935,bueno,8,alquila
3490,bueno,5,alquila
148,bueno,14,propietario
3173,malo,14,privado
3161,bueno,10,alquila
2457,bueno,24,propietario
719,bueno,4,propietario
345,bueno,17,propietario
685,bueno,2,propietario
3125,bueno,18,propietario
1927,malo,3,propietario
2946,bueno,0,propietario
3946,bueno,4,privado
210,bueno,5,propietario
4322,bueno,2,alquila
1946,malo,1,padres
3479,bueno,4,alquila
877,bueno,2,propietario
3862,bueno,9,privado
1231,bueno,8,otra
3302,bueno,1,privado
2287,bueno,0,padres
22,bueno,5,propietario
2966,bueno,12,propietario
954,bueno,1,alquila
1722,bueno,12,propietario
4301,bueno,15,otra
839,bueno,4,propietario
1606,bueno,2,padres
1537,malo,0,propietario
460,bueno,2,propietario
2380,bueno,8,propietario
362,bueno,3,propietario
125,bueno,12,alquila
2734,bueno,8,alquila
2687,malo,12,otra
274,bueno,9,alquila
2432,bueno,5,alquila
3789,bueno,6,propietario
1351,bueno,3,padres
52,bueno,5,propietario
3535,bueno,6,otra
2459,malo,1,otra
3583,bueno,0,padres
951,malo,2,propietario
1078,bueno,16,propietario
2378,bueno,8,propietario
2621,bueno,7,privado
1071,malo,2,padres
1571,malo,5,privado
3182,bueno,5,padres
754,malo,14,propietario
381,bueno,8,alquila
1912,bueno,7,propietario
2251,bueno,15,padres
2456,bueno,15,alquila
948,bueno,7,alquila
2029,bueno,12,padres
4413,bueno,3,padres
3105,bueno,7,propietario
1307,bueno,12,propietario
2690,malo,5,ignorar
2264,malo,0,propietario
2601,bueno,7,otra
1926,malo,0,alquila
1305,bueno,5,propietario
1713,malo,5,propietario
915,bueno,0,propietario
3217,malo,0,propietario
184,bueno,10,propietario
2428,bueno,11,propietario
4106,malo,2,propietario
239,bueno,2,propietario
1846,malo,1,alquila
3193,bueno,5,privado
4052,bueno,4,propietario
1780,bueno,11,alquila
3788,bueno,27,alquila
1634,bueno,13,alquila
4302,bueno,2,alquila
2602,bueno,21,propietario
3039,bueno,2,otra
2239,bueno,1,alquila
1097,malo,2,alquila
3712,malo,1,padres
3957,bueno,23,propietario
1521,bueno,1,propietario
3671,bueno,7,propietario
2360,malo,0,propietario
716,malo,0,otra
1028,malo,0,propietario
3761,malo,4,alquila
3666,malo,26,privado
359,bueno,9,propietario
3505,bueno,13,propietario
3054,malo,29,alquila
823,malo,1,padres
3556,bueno,15,propietario
761,bueno,10,alquila
4454,bueno,5,propietario
3126,bueno,1,alquila
2070,malo,4,privado
4291,malo,6,otra
1666,malo,1,alquila
773,bueno,4,propietario
4416,bueno,3,propietario
1009,bueno,3,propietario
1455,bueno,17,propietario
1038,bueno,2,propietario
2549,bueno,16,otra
3036,malo,18,propietario
556,bueno,10,privado
1473,bueno,15,propietario
809,bueno,1,padres
1948,malo,4,otra
4437,malo,1,padres
1202,malo,3,padres
1697,bueno,7,privado
968,bueno,0,padres
3169,malo,5,alquila
3405,bueno,31,propietario
2832,bueno,4,alquila
2255,bueno,10,propietario
850,bueno,1,propietario
1394,bueno,9,otra
25,bueno,26,propietario
3364,bueno,2,propietario
3508,bueno,14,propietario
1362,bueno,4,alquila
2516,bueno,4,propietario
1115,malo,1,padres
4059,malo,0,propietario
1375,bueno,1,alquila
1667,malo,0,alquila
3442,bueno,4,propietario
2775,malo,2,otra
291,bueno,11,propietario
228,bueno,32,propietario
2011,malo,0,padres
2685,bueno,26,propietario
3248,bueno,0,otra
2725,bueno,5,alquila
3564,bueno,2,propietario
936,bueno,12,propietario
51,bueno,8,propietario
2524,bueno,20,propietario
885,bueno,0,propietario
321,malo,1,alquila
598,bueno,1,alquila
4306,malo,1,alquila
4117,bueno,7,otra
3969,bueno,8,propietario
1357,bueno,20,propietario
2891,bueno,27,propietario
1090,bueno,10,propietario
2688,bueno,15,alquila
726,bueno,4,propietario
3419,bueno,11,propietario
1940,bueno,6,alquila
2310,bueno,20,propietario
2392,bueno,10,alquila
2348,bueno,22,privado
1093,bueno,3,propietario
1522,bueno,6,propietario
2942,bueno,4,padres
1057,malo,24,privado
1004,bueno,2,padres
2591,malo,2,propietario
1224,bueno,9,padres
2290,bueno,4,propietario
3823,malo,2,propietario
1877,bueno,3,alquila
2746,bueno,9,privado
1089,bueno,13,propietario
2885,bueno,5,propietario
1803,bueno,8,padres
31,bueno,4,propietario
1717,malo,0,alquila
2315,bueno,21,alquila
3810,bueno,21,propietario
1857,bueno,5,propietario
3449,bueno,12,propietario
1755,bueno,2,propietario
546,bueno,6,propietario
3160,bueno,1,propietario
2010,malo,5,alquila
2181,malo,0,padres
3754,bueno,20,alquila
1321,bueno,4,alquila
1902,bueno,10,otra
1580,malo,7,otra
1587,bueno,4,propietario
2729,malo,2,alquila
2268,malo,20,privado
1694,bueno,1,padres
1061,bueno,9,alquila
1431,bueno,10,propietario
900,malo,1,padres
896,bueno,5,alquila
199,bueno,2,alquila
3727,bueno,10,otra
4102,bueno,0,propietario
2611,bueno,7,padres
3872,bueno,7,padres
1318,malo,10,propietario
1325,malo,2,propietario
3314,bueno,16,padres
393,malo,11,propietario
1994,bueno,28,alquila
1399,bueno,25,otra
969,malo,2,privado
1600,malo,10,privado
456,bueno,10,propietario
1885,malo,5,privado
4197,bueno,21,propietario
1910,bueno,5,propietario
86,bueno,5,propietario
3558,bueno,15,alquila
756,bueno,11,propietario
1847,bueno,30,propietario
1258,bueno,3,padres
2487,bueno,1,propietario
3448,malo,2,alquila
4418,bueno,25,propietario
72,bueno,1,privado
1031,bueno,2,alquila
1387,bueno,15,alquila
1644,bueno,11,propietario
2408,bueno,38,alquila
3116,bueno,10,alquila
1304,bueno,0,alquila
2740,bueno,3,propietario
3321,bueno,2,propietario
507,bueno,30,otra
2368,bueno,30,otra
361,malo,3,propietario
3394,bueno,5,propietario
3689,bueno,0,propietario
1238,bueno,1,propietario
506,bueno,3,padres
1822,bueno,1,padres
1765,bueno,1,privado
2662,bueno,8,propietario
4424,bueno,5,propietario
1029,bueno,5,padres
3793,bueno,3,alquila
329,malo,5,propietario
866,bueno,12,alquila
2173,bueno,13,alquila
3202,bueno,10,alquila
1893,malo,27,propietario
2846,bueno,13,propietario
435,bueno,5,padres
4342,bueno,10,propietario
1183,bueno,8,propietario
2470,bueno,16,propietario
3605,bueno,8,alquila
2465,bueno,17,alquila
1076,bueno,2,propietario
1629,bueno,6,padres
1915,bueno,6,propietario
4133,bueno,20,propietario
570,bueno,19,propietario
2263,bueno,20,otra
3566,bueno,15,otra
2644,bueno,3,propietario
2950,malo,2,propietario
3944,bueno,13,padres
1610,bueno,2,propietario
523,bueno,13,padres
1172,malo,7,propietario
2741,bueno,17,alquila
785,malo,0,propietario
1284,malo,10,alquila
2912,bueno,7,alquila
3340,bueno,5,padres
2934,bueno,28,propietario
476,bueno,6,propietario
116,malo,2,propietario
4452,malo,0,propietario
1528,malo,0,padres
677,bueno,9,propietario
1972,bueno,0,padres
4139,bueno,3,padres
4237,bueno,5,alquila
2875,bueno,30,propietario
631,bueno,10,privado
1936,bueno,30,propietario
3106,malo,10,alquila
4004,bueno,10,privado
3970,malo,5,propietario
3102,bueno,8,alquila
4145,bueno,1,alquila
4280,malo,1,propietario
3460,bueno,45,otra
2198,bueno,1,padres
422,malo,15,alquila
1568,bueno,0,propietario
782,bueno,5,alquila
1599,malo,1,privado
4049,malo,0,alquila
1241,bueno,14,propietario
3289,bueno,12,padres
2419,malo,1,padres
3705,bueno,11,alquila
2071,bueno,5,propietario
3347,bueno,15,propietario
2667,bueno,31,propietario
545,bueno,2,propietario
4289,bueno,10,propietario
4160,bueno,25,propietario
2772,bueno,0,propietario
1876,bueno,0,propietario
3407,bueno,5,propietario
2318,bueno,14,propietario
3730,malo,14,propietario
3421,bueno,17,alquila
65,bueno,2,propietario
1134,malo,10,propietario
1783,bueno,20,propietario
3741,bueno,30,propietario
2887,malo,3,propietario
1025,malo,4,alquila
1563,bueno,0,propietario
1710,bueno,4,padres
1987,bueno,0,propietario
1973,bueno,7,otra
2445,malo,0,alquila
186,bueno,11,propietario
1747,malo,0,otra
1992,bueno,2,propietario
4206,bueno,2,padres
3243,bueno,2,propietario
1342,bueno,1,otra
3906,bueno,1,alquila
1155,bueno,9,propietario
2235,bueno,5,alquila
872,malo,10,alquila
3811,malo,1,alquila
1327,bueno,5,propietario
2915,bueno,0,privado
4043,malo,0,propietario
1738,bueno,5,alquila
160,bueno,9,propietario
2533,bueno,28,propietario
669,bueno,9,alquila
667,bueno,1,propietario
550,malo,0,otra
2716,malo,2,alquila
4138,bueno,18,propietario
2480,bueno,2,padres
3771,bueno,3,padres
1884,bueno,3,propietario
3716,bueno,18,propietario
1508,malo,6,propietario
3732,bueno,3,padres
4427,bueno,34,propietario
1132,bueno,4,padres
3549,bueno,23,alquila
3021,bueno,5,padres
1068,bueno,1,alquila
455,bueno,10,propietario
637,bueno,5,alquila
3348,malo,0,padres
2566,bueno,3,privado
91,bueno,3,padres
2754,bueno,7,propietario
483,malo,2,padres
585,bueno,8,propietario
4096,bueno,20,propietario
2937,bueno,21,propietario
2976,bueno,35,alquila
723,bueno,4,propietario
3083,bueno,3,otra
2588,bueno,9,propietario
1541,malo,1,padres
962,bueno,3,propietario
3939,bueno,12,propietario
1873,bueno,1,propietario
3867,bueno,13,propietario
334,malo,10,propietario
2973,malo,15,propietario
2156,malo,0,otra
777,malo,7,alquila
2894,bueno,15,propietario
1817,bueno,20,propietario
913,bueno,15,alquila
3591,bueno,15,propietario
3205,bueno,8,propietario
1636,bueno,3,privado
3707,bueno,2,propietario
4264,bueno,2,padres
614,bueno,10,propietario
2918,bueno,21,propietario
2982,bueno,15,padres
1550,bueno,10,privado
3919,malo,0,alquila
2176,bueno,25,propietario
1729,bueno,3,padres
3686,bueno,6,propietario
584,bueno,17,propietario
1244,bueno,15,propietario
512,malo,7,padres
3742,bueno,20,propietario
2350,malo,4,padres
2921,bueno,4,padres
751,bueno,3,padres
3135,bueno,2,propietario
1334,bueno,5,padres
3232,bueno,10,padres
1167,bueno,14,alquila
4001,malo,5,alquila
2302,bueno,0,propietario
3439,malo,8,alquila
2514,bueno,0,padres
586,bueno,0,propietario
3183,bueno,3,propietario
2500,bueno,0,padres
2784,bueno,18,privado
907,bueno,1,propietario
4089,bueno,13,propietario
3722,bueno,5,propietario
485,malo,0,alquila
2043,malo,2,alquila
818,malo,1,propietario
1935,bueno,3,propietario
1801,bueno,2,alquila
627,bueno,1,propietario
654,malo,0,propietario
763,malo,0,otra
2067,malo,0,padres
698,bueno,2,propietario
1955,bueno,10,propietario
2801,bueno,19,otra
1338,bueno,5,padres
3634,bueno,13,propietario
272,bueno,4,padres
4419,bueno,0,privado
1223,bueno,17,propietario
853,bueno,14,alquila
656,bueno,4,propietario
2272,bueno,5,propietario
3714,bueno,1,propietario
4003,malo,0,padres
4446,bueno,23,propietario
4030,bueno,3,propietario
2343,malo,7,padres
2692,malo,0,propietario
3337,malo,10,propietario
582,malo,0,otra
145,bueno,9,alquila
3051,bueno,1,padres
202,bueno,15,propietario
290,bueno,13,propietario
1670,bueno,2,padres
804,bueno,6,padres
1432,bueno,4,alquila
2864,malo,29,propietario
4143,bueno,7,propietario
2004,bueno,4,alquila
2936,bueno,15,propietario
1243,malo,8,alquila
332,bueno,31,propietario
1469,malo,2,alquila
980,bueno,1,padres
710,malo,3,padres
2443,bueno,2,padres
1309,bueno,6,padres
3599,bueno,3,alquila
1087,bueno,7,alquila
1736,bueno,24,propietario
3197,bueno,6,padres
666,bueno,6,alquila
454,bueno,3,alquila
1638,bueno,2,propietario
501,malo,30,padres
1306,malo,5,padres
3053,bueno,12,privado
940,malo,3,otra
1965,malo,0,otra
3416,malo,6,propietario
2767,bueno,9,alquila
690,bueno,6,alquila
4368,malo,8,padres
3206,bueno,15,propietario
2532,bueno,3,propietario
519,bueno,0,padres
2024,bueno,0,propietario
3831,malo,0,padres
868,bueno,31,propietario
1619,malo,2,otra
4270,bueno,9,propietario
37,bueno,10,propietario
1743,malo,8,otra
600,bueno,23,padres
3101,bueno,6,propietario
1055,bueno,2,alquila
1011,bueno,0,propietario
3234,malo,15,propietario
1867,malo,5,propietario
938,bueno,16,propietario
3858,malo,1,otra
3096,malo,4,alquila
3370,bueno,8,padres
1333,bueno,0,padres
3964,bueno,3,padres
3992,malo,0,propietario
1554,malo,0,propietario
180,bueno,6,propietario
163,bueno,3,propietario
3845,malo,6,otra
1576,bueno,8,padres
4448,bueno,3,propietario
541,bueno,5,alquila
1107,bueno,17,ignorar
1452,bueno,7,propietario
2637,bueno,2,padres
4099,bueno,19,propietario
2413,malo,1,padres
3478,bueno,6,alquila
11,bueno,6,propietario
752,bueno,40,propietario
2296,bueno,15,propietario
3495,bueno,9,propietario
2697,bueno,2,alquila
2319,bueno,2,otra
470,bueno,7,propietario
2632,malo,1,propietario
3271,bueno,8,propietario
1422,bueno,10,alquila
4382,bueno,23,propietario
4362,bueno,25,propietario
3023,malo,3,privado
2249,bueno,7,padres
3165,bueno,5,privado
2305,malo,11,propietario
3374,bueno,9,propietario
1461,bueno,2,propietario
193,bueno,2,propietario
4169,bueno,8,padres
2710,bueno,7,padres
1818,bueno,10,propietario
996,bueno,14,propietario
1246,bueno,20,propietario
3262,bueno,11,privado
409,bueno,5,padres
757,bueno,1,propietario
307,malo,27,alquila
532,bueno,11,padres
61,bueno,3,alquila
3769,bueno,9,propietario
1006,bueno,15,padres
3209,bueno,15,propietario
3641,bueno,4,propietario
120,bueno,3,privado
2628,bueno,11,propietario
2693,bueno,10,propietario
548,malo,16,propietario
4438,bueno,4,ignorar
3012,bueno,20,alquila
2416,bueno,1,padres
2635,malo,1,propietario
1810,malo,5,alquila
2748,bueno,11,propietario
2494,bueno,15,propietario
3382,bueno,0,alquila
122,bueno,4,alquila
4061,malo,5,alquila
1986,bueno,7,propietario
1349,bueno,6,padres
1590,bueno,2,padres
1967,malo,9,alquila
4015,bueno,20,privado
3902,malo,5,propietario
2520,bueno,5,propietario
424,malo,1,alquila
4066,malo,1,privado
1544,malo,10,propietario
3200,malo,0,propietario
1628,bueno,10,propietario
1100,malo,0,propietario
1248,bueno,17,propietario
3453,malo,5,propietario
3239,bueno,11,alquila
2737,bueno,15,propietario
1170,bueno,4,padres
2143,malo,0,propietario
221,bueno,2,privado
1933,bueno,1,propietario
3726,bueno,2,privado
3420,bueno,10,alquila
3293,bueno,35,alquila
4420,bueno,2,propietario
238,bueno,10,propietario
4325,malo,1,alquila
2983,malo,5,propietario
3517,malo,4,padres
3087,bueno,19,privado
3028,bueno,9,propietario
4218,bueno,10,privado
2179,malo,0,alquila
2904,bueno,8,propietario
620,bueno,2,alquila
764,bueno,12,propietario
1235,bueno,2,propietario
970,bueno,1,propietario
207,bueno,4,padres
3866,bueno,3,padres
3112,bueno,5,alquila
153,bueno,27,propietario
3447,malo,2,propietario
3863,bueno,0,propietario
3152,bueno,2,propietario
301,malo,7,otra
922,bueno,3,padres
4037,malo,0,alquila
2959,bueno,5,padres
254,bueno,12,alquila
1314,malo,2,alquila
2217,bueno,19,ignorar
296,malo,8,propietario
2536,bueno,11,propietario
1678,bueno,7,alquila
4190,bueno,1,propietario
2441,bueno,1,padres
4305,malo,23,propietario
2844,bueno,2,alquila
2702,malo,5,propietario
1898,malo,0,alquila
2537,bueno,12,propietario
1557,bueno,19,alquila
40,bueno,30,propietario
2528,bueno,11,propietario
59,bueno,6,propietario
2469,malo,16,alquila
201,bueno,1,padres
730,bueno,14,privado
374,bueno,6,propietario
401,malo,0,otra
2543,bueno,17,padres
805,bueno,12,privado
2421,malo,5,alquila
410,bueno,20,propietario
921,bueno,10,propietario
2384,bueno,10,propietario
1050,bueno,23,privado
1770,bueno,5,padres
331,bueno,5,propietario
3587,bueno,5,propietario
3805,bueno,20,propietario
999,bueno,13,propietario
1056,bueno,8,padres
316,bueno,10,alquila
3592,bueno,2,padres
2954,bueno,21,propietario
39,malo,1,alquila
974,bueno,1,padres
3853,bueno,2,alquila
856,bueno,8,privado
2927,bueno,8,privado
1570,malo,13,otra
1772,bueno,2,padres
3334,bueno,1,padres
2756,bueno,36,propietario
2218,malo,8,alquila
2291,bueno,20,propietario
3560,bueno,14,propietario
1794,bueno,6,propietario
2127,bueno,6,propietario
2468,bueno,15,propietario
2909,bueno,12,privado
1547,bueno,6,otra
1532,malo,6,privado
2103,bueno,1,padres
1931,bueno,1,propietario
3085,malo,7,alquila
1440,bueno,2,alquila
4167,malo,8,otra
2284,malo,2,padres
3601,bueno,12,propietario
3272,malo,1,alquila
309,bueno,0,propietario
2059,bueno,14,propietario
1208,malo,3,propietario
2742,bueno,15,propietario
2129,bueno,29,propietario
1789,bueno,1,padres
2351,bueno,0,propietario
4381,malo,0,otra
2208,bueno,14,propietario
2849,bueno,6,padres
2278,malo,0,propietario
1322,malo,1,propietario
4108,bueno,4,alquila
63,malo,4,padres
1303,bueno,28,propietario
3198,bueno,2,padres
298,bueno,3,propietario
1080,bueno,10,propietario
1711,bueno,0,otra
1217,malo,2,alquila
3245,malo,6,propietario
4440,bueno,20,propietario
1837,bueno,2,otra
2730,bueno,9,propietario
955,bueno,2,propietario
2945,malo,2,padres
1960,malo,0,propietario
760,bueno,2,propietario
176,bueno,9,propietario
2726,bueno,6,propietario
3874,bueno,10,alquila
2046,bueno,4,padres
2114,bueno,12,alquila
1911,bueno,10,propietario
2091,bueno,2,padres
4249,bueno,21,padres
244,bueno,10,propietario
2098,malo,2,padres
1969,bueno,0,propietario
1507,malo,0,alquila
2057,bueno,7,propietario
182,bueno,0,alquila
154,malo,0,otra
4088,bueno,8,propietario
734,malo,0,otra
3280,bueno,12,propietario
2584,bueno,4,padres
1777,bueno,5,propietario
3357,bueno,4,alquila
957,bueno,0,propietario
2295,malo,5,propietario
910,bueno,15,otra
3923,malo,1,padres
1897,bueno,8,padres
1665,bueno,1,propietario
286,bueno,20,propietario
161,bueno,4,propietario
731,malo,5,alquila
4272,bueno,2,propietario
531,bueno,10,padres
3223,malo,0,otra
3938,malo,0,alquila
4005,bueno,39,propietario
867,bueno,11,propietario
1152,bueno,5,propietario
2826,bueno,10,padres
1520,bueno,20,propietario
3119,bueno,4,padres
4333,malo,0,alquila
2666,malo,3,otra
2371,bueno,1,alquila
4408,malo,1,alquila
1727,malo,0,alquila
814,malo,4,propietario
2854,malo,0,propietario
2733,bueno,6,propietario
768,malo,2,propietario
319,bueno,6,propietario
3230,malo,1,alquila
3762,bueno,3,privado
2088,malo,1,otra
112,bueno,10,propietario
3636,malo,7,privado
1199,bueno,12,propietario
3537,bueno,1,propietario
1579,bueno,35,propietario
2427,bueno,25,alquila
3903,bueno,19,propietario
942,malo,0,alquila
984,bueno,2,propietario
414,bueno,2,alquila
2747,bueno,1,propietario
906,bueno,15,propietario
3934,bueno,1,propietario
3472,bueno,10,privado
1871,bueno,22,padres
3481,bueno,14,propietario
2113,malo,7,alquila
3625,bueno,0,alquila
312,malo,10,propietario
1075,malo,4,propietario
297,malo,19,propietario
487,bueno,20,propietario
2081,bueno,2,alquila
1282,malo,0,propietario
1067,bueno,0,padres
2078,bueno,0,propietario
4236,bueno,18,alquila
3677,bueno,5,propietario
927,bueno,10,padres
1285,bueno,0,alquila
4121,malo,16,alquila
2833,malo,4,propietario
1273,malo,0,otra
3210,bueno,2,alquila
1607,bueno,2,padres
1488,malo,4,otra
2765,bueno,18,propietario
2814,bueno,1,padres
1278,malo,0,padres
1950,bueno,1,padres
683,bueno,3,alquila
2145,malo,1,padres
4168,malo,5,propietario
2682,malo,3,alquila
2223,bueno,12,propietario
1746,bueno,15,propietario
2166,bueno,25,propietario
2785,bueno,14,propietario
1890,bueno,20,alquila
2077,bueno,4,propietario
4407,malo,2,alquila
2789,bueno,4,propietario
744,bueno,9,propietario
2882,malo,3,alquila
2028,malo,1,padres
1122,bueno,0,propietario
2353,bueno,24,propietario
1116,bueno,4,propietario
1296,bueno,5,alquila
2321,bueno,14,propietario
1979,malo,4,padres
4071,bueno,1,propietario
1130,bueno,10,propietario
3301,bueno,13,propietario
3770,bueno,2,propietario
1530,bueno,0,propietario
2286,bueno,26,propietario
2262,bueno,2,alquila
4185,malo,2,padres
672,malo,15,propietario
77,bueno,14,propietario
4056,bueno,13,propietario
514,bueno,10,propietario
1369,bueno,0,padres
644,bueno,15,propietario
2082,bueno,2,propietario
3890,bueno,3,propietario
2676,malo,30,propietario
886,malo,1,padres
343,bueno,2,propietario
540,bueno,4,propietario
1063,bueno,23,propietario
847,bueno,20,propietario
2597,bueno,22,otra
4422,bueno,12,otra
869,bueno,2,propietario
4225,bueno,8,propietario
3570,bueno,16,padres
3020,malo,2,alquila
1698,bueno,22,propietario
2749,bueno,8,padres
1675,bueno,2,padres
181,malo,0,propietario
3179,bueno,17,alquila
2472,bueno,15,propietario
3749,bueno,6,padres
3875,malo,17,propietario
4436,malo,3,alquila
4297,bueno,2,propietario
4359,bueno,15,propietario
2878,bueno,0,padres
3581,malo,1,padres
433,bueno,3,alquila
842,bueno,10,alquila
1423,bueno,28,padres
1064,bueno,3,propietario
4027,malo,20,propietario
121,bueno,27,propietario
2347,bueno,20,propietario
2340,bueno,1,padres
4283,bueno,0,padres
3755,malo,0,alquila
3940,bueno,6,alquila
629,bueno,15,alquila
3695,bueno,2,propietario
2745,bueno,11,padres
4260,malo,0,padres
953,bueno,11,propietario
4097,bueno,25,propietario
1841,malo,3,alquila
1775,bueno,11,propietario
4281,malo,3,alquila
4276,bueno,13,propietario
1164,bueno,3,padres
3918,bueno,5,padres
2609,bueno,2,alquila
3735,bueno,6,alquila
3527,bueno,16,propietario
3458,malo,3,propietario
2958,bueno,15,propietario
2159,bueno,2,alquila
832,malo,12,propietario
713,bueno,3,propietario
419,bueno,14,padres
3473,bueno,1,propietario
144,bueno,40,propietario
4009,bueno,10,propietario
2134,bueno,5,padres
4395,bueno,6,padres
3757,bueno,9,privado
1187,bueno,3,padres
4198,malo,10,propietario
3501,bueno,1,propietario
2363,bueno,10,propietario
413,bueno,3,propietario
3638,bueno,14,privado
3088,bueno,0,padres
3109,bueno,10,privado
3476,bueno,6,alquila
801,bueno,13,propietario
1308,bueno,4,propietario
2151,malo,0,privado
322,bueno,37,propietario
1659,bueno,10,propietario
605,bueno,15,propietario
2554,bueno,3,otra
2997,bueno,15,propietario
1344,bueno,11,padres
4338,bueno,1,propietario
1805,bueno,6,ignorar
1690,bueno,30,propietario
3392,bueno,1,propietario
555,bueno,5,propietario
3401,bueno,0,propietario
3219,bueno,13,alquila
1300,bueno,0,propietario
3041,bueno,3,padres
2961,bueno,14,propietario
4223,malo,15,propietario
1627,malo,0,padres
1463,bueno,12,propietario
2525,bueno,1,propietario
3958,bueno,3,propietario
3469,bueno,30,propietario
1376,bueno,15,alquila
2735,bueno,10,propietario
699,malo,4,propietario
143,bueno,15,propietario
2646,bueno,1,padres
3162,malo,7,padres
3282,malo,0,padres
3916,bueno,14,propietario
2695,bueno,6,propietario
3153,malo,14,propietario
1909,malo,1,alquila
3931,bueno,20,propietario
912,malo,0,padres
3736,bueno,1,privado
1486,bueno,10,propietario
2713,bueno,25,propietario
2503,bueno,7,alquila
538,bueno,7,propietario
4352,bueno,22,alquila
4316,bueno,3,alquila
2006,malo,0,otra
3180,bueno,10,padres
1454,bueno,1,propietario
3033,bueno,22,propietario
1760,bueno,27,propietario
21,malo,2,alquila
3331,bueno,15,propietario
3204,bueno,2,propietario
1714,malo,10,propietario
1203,bueno,1,alquila
70,bueno,22,alquila
442,bueno,1,propietario
2362,bueno,3,propietario
4035,bueno,2,alquila
1037,bueno,15,padres
2657,bueno,5,alquila
2851,bueno,5,propietario
4269,malo,15,propietario
3776,bueno,4,otra
2817,bueno,10,padres
2063,bueno,8,alquila
4442,bueno,10,propietario
2346,bueno,1,propietario
3493,bueno,9,propietario
705,bueno,1,alquila
697,bueno,20,propietario
2022,bueno,0,padres
3327,bueno,3,alquila
1280,bueno,4,propietario
4288,malo,10,alquila
3966,malo,0,alquila
2544,bueno,17,alquila
1424,bueno,8,propietario
2178,bueno,6,padres
959,bueno,20,propietario
2069,bueno,6,otra
4303,bueno,22,propietario
372,bueno,2,propietario
933,bueno,0,propietario
3177,bueno,0,propietario
1786,malo,0,padres
3642,bueno,2,padres
2509,bueno,0,padres
406,bueno,16,padres
2578,malo,0,otra
1450,bueno,36,propietario
689,malo,6,padres
2908,bueno,32,propietario
3859,malo,3,padres
836,bueno,20,alquila
1718,bueno,8,alquila
1709,bueno,8,alquila
425,bueno,12,alquila
2675,bueno,4,privado
2577,malo,5,alquila
1663,malo,14,alquila
2953,bueno,25,propietario
1267,bueno,7,propietario
4110,bueno,31,propietario
976,bueno,19,propietario
780,bueno,27,propietario
1227,bueno,6,propietario
4179,bueno,8,propietario
2721,malo,2,otra
1615,bueno,14,propietario
1151,bueno,2,propietario
3887,bueno,10,propietario
4100,bueno,3,propietario
35,bueno,12,padres
3752,malo,1,propietario
4235,bueno,1,padres
3910,bueno,0,padres
3721,bueno,7,propietario
1937,bueno,2,otra
993,bueno,0,propietario
2618,bueno,18,propietario
1135,bueno,2,padres
813,bueno,0,propietario
1464,bueno,1,otra
2147,bueno,9,padres
1234,malo,3,alquila
41,malo,5,alquila
3681,bueno,17,otra
16,bueno,0,propietario
2174,bueno,4,alquila
3459,malo,4,alquila
2759,malo,10,propietario
1639,bueno,30,propietario
4182,bueno,14,propietario
3383,bueno,16,propietario
3464,bueno,0,propietario
1905,malo,2,propietario
2689,bueno,17,propietario
4078,bueno,18,propietario
4331,bueno,3,propietario
1996,bueno,1,privado
3545,bueno,15,propietario
708,malo,0,propietario
3825,malo,0,alquila
3090,bueno,4,alquila
649,malo,1,propietario
3254,bueno,20,propietario
2820,bueno,1,alquila
1566,malo,0,propietario
56,malo,1,alquila
3522,malo,0,padres
1540,bueno,11,padres
492,bueno,7,propietario
360,bueno,0,propietario
3297,bueno,14,propietario
964,bueno,20,otra
3151,bueno,23,propietario
1707,bueno,5,alquila
3619,bueno,14,otra
4021,malo,14,propietario
168,malo,5,propietario
3196,bueno,25,propietario
23,malo,1,propietario
4278,bueno,9,propietario
3773,malo,3,privado
1787,bueno,22,alquila
1331,bueno,9,propietario
3624,bueno,4,propietario
3827,malo,9,otra
636,bueno,1,padres
3098,bueno,15,propietario
2723,malo,10,alquila
2464,bueno,25,propietario
2706,bueno,11,padres
3744,malo,2,privado
1598,bueno,3,propietario
3998,bueno,1,propietario
2373,bueno,7,propietario
617,bueno,1,propietario
978,bueno,19,padres
1552,bueno,11,propietario
4271,malo,0,padres
2847,bueno,12,propietario
